Age,Attrition,BusinessTravel,DailyRate,Department,DistanceFromHome,Education,EducationField,EmployeeNumber,EnvironmentSatisfaction,Gender,HourlyRate,JobInvolvement,JobLevel,JobRole,JobSatisfaction,MaritalStatus,MonthlyIncome,MonthlyRate,NumCompaniesWorked,OverTime,PercentSalaryHike,PerformanceRating,RelationshipSatisfaction,StockOptionLevel,TotalWorkingYears,TrainingTimesLastYear,WorkLifeBalance,YearsAtCompany,YearsInCurrentRole,YearsSinceLastPromotion,YearsWithCurrManager
41.0,1,Travel_Rarely,1102,Sales,1,2,Life Sciences,1,2.0,Female,94,3,2,Sales Executive,4.0,Single,5993.0,19479,8,Yes,11,3,1,0,8,0.0,1.0,6.0,4,0,5
49.0,0,Travel_Frequently,279,Research & Development,8,1,Life Sciences,2,3.0,Male,61,2,2,Research Scientist,2.0,Married,5130.0,24907,1,No,23,4,4,1,10,3.0,3.0,10.0,7,1,7
37.0,1,Travel_Rarely,1373,Research & Development,2,2,Other,4,4.0,Male,92,2,1,Laboratory Technician,3.0,Single,2090.0,2396,6,Yes,15,3,2,0,7,3.0,3.0,0.0,0,0,0
33.0,0,Travel_Frequently,1392,Research & Development,3,4,Life Sciences,5,4.0,Female,56,3,1,Research Scientist,3.0,Married,2909.0,23159,1,Yes,11,3,3,0,8,3.0,3.0,8.0,7,3,0
27.0,0,Travel_Rarely,591,Research & Development,2,1,Medical,7,1.0,Male,40,3,1,Laboratory Technician,2.0,Married,3468.0,16632,9,No,12,3,4,1,6,3.0,3.0,2.0,2,2,2
32.0,0,Travel_Frequently,1005,Research & Development,2,2,Life Sciences,8,4.0,Male,79,3,1,Laboratory Technician,4.0,Single,3068.0,11864,0,No,13,3,3,0,8,2.0,2.0,7.0,7,3,6
59.0,0,Travel_Rarely,1324,Research & Development,3,3,Medical,10,3.0,Female,81,4,1,Laboratory Technician,1.0,Married,2670.0,9964,4,Yes,20,4,1,3,12,3.0,2.0,1.0,0,0,0
30.0,0,Travel_Rarely,1358,Research & Development,24,1,Life Sciences,11,4.0,Male,67,3,1,Laboratory Technician,3.0,Divorced,2693.0,13335,1,No,22,4,2,1,1,2.0,3.0,1.0,0,0,0
38.0,0,Travel_Frequently,216,Research & Development,23,3,Life Sciences,12,4.0,Male,44,2,3,Manufacturing Director,3.0,Single,9526.0,8787,0,No,21,4,2,0,10,2.0,3.0,5.0,7,1,8
36.0,0,Travel_Rarely,1299,Research & Development,27,3,Medical,13,3.0,Male,94,3,2,Healthcare Representative,3.0,Married,5237.0,16577,6,No,13,3,2,2,17,3.0,2.0,7.0,7,7,7
35.0,0,Travel_Rarely,809,Research & Development,16,3,Medical,14,1.0,Male,84,4,1,Laboratory Technician,2.0,Married,2426.0,16479,0,No,13,3,3,1,6,3.0,3.0,5.0,4,0,3
29.0,0,Travel_Rarely,153,Research & Development,15,2,Life Sciences,15,4.0,Female,49,2,2,Laboratory Technician,3.0,Single,4193.0,12682,0,Yes,12,3,4,0,10,3.0,3.0,9.0,5,0,8
31.0,0,Travel_Rarely,670,Research & Development,26,1,Life Sciences,16,1.0,Male,31,3,1,Research Scientist,3.0,Divorced,4960.0,15170,1,No,17,3,4,1,5,1.0,2.0,5.0,2,4,3
34.0,0,Travel_Rarely,1346,Research & Development,19,2,Medical,18,2.0,Male,93,3,1,Laboratory Technician,3.0,Divorced,4960.0,8758,0,No,11,3,3,1,3,2.0,3.0,2.0,2,1,2
28.0,1,Travel_Rarely,103,Research & Development,24,3,Life Sciences,19,3.0,Male,50,2,1,Laboratory Technician,3.0,Single,2028.0,12947,5,Yes,14,3,2,0,6,4.0,3.0,65.0,2,0,3
36.0,0,Travel_Rarely,1389,Research & Development,21,4,Life Sciences,20,2.0,Female,51,4,3,Manufacturing Director,3.0,Divorced,9980.0,10195,1,No,11,3,3,1,10,1.0,3.0,10.0,9,8,8
32.0,0,Travel_Rarely,334,Research & Development,5,2,Life Sciences,21,1.0,Male,80,4,1,Research Scientist,2.0,Divorced,3298.0,15053,0,Yes,12,3,4,2,7,5.0,2.0,6.0,2,0,5
22.0,0,Non-Travel,1123,Research & Development,16,2,Medical,22,4.0,Male,96,4,1,Laboratory Technician,4.0,Divorced,2935.0,7324,1,Yes,13,3,2,2,1,2.0,2.0,1.0,0,0,0
53.0,0,Travel_Rarely,1219,Sales,2,4,Life Sciences,23,3.0,Male,78,2,4,Manager,4.0,Married,4960.0,22021,2,No,16,3,3,0,31,3.0,3.0,25.0,8,3,7
38.0,0,Travel_Rarely,371,Research & Development,2,3,Life Sciences,24,4.0,Male,45,3,1,Research Scientist,4.0,Single,3944.0,4306,5,Yes,11,3,3,0,6,3.0,3.0,5.0,2,1,2
24.0,0,Non-Travel,673,Research & Development,11,2,Other,26,1.0,Female,96,4,2,Manufacturing Director,3.0,Divorced,4011.0,8232,0,No,18,3,4,1,5,5.0,2.0,4.0,2,1,3
36.0,1,Travel_Rarely,1218,Sales,9,4,Life Sciences,27,3.0,Male,82,2,1,Sales Representative,1.0,Single,500000.0,6986,7,No,23,4,2,0,10,4.0,3.0,5.0,3,0,3
34.0,0,Travel_Rarely,419,Research & Development,7,4,Life Sciences,28,3.0,Female,53,3,3,Research Director,2.0,Single,11994.0,21293,0,No,11,3,3,0,13,4.0,3.0,12.0,6,2,11
21.0,0,Travel_Rarely,391,Research & Development,15,2,Life Sciences,30,3.0,Male,96,3,1,Research Scientist,4.0,Single,1232.0,19281,1,No,14,3,4,0,0,6.0,3.0,0.0,0,0,0
34.0,1,Travel_Rarely,699,Research & Development,6,1,Medical,31,3.0,Male,83,3,1,Research Scientist,1.0,Single,2960.0,17102,2,No,11,3,3,0,8,2.0,3.0,55.0,2,1,3
36.0,0,Travel_Rarely,1282,Research & Development,5,3,Other,32,3.0,Female,58,3,5,Manager,3.0,Divorced,19094.0,10735,4,No,11,3,4,1,26,3.0,3.0,14.0,13,4,8
32.0,1,Travel_Frequently,1125,Research & Development,16,1,Life Sciences,33,2.0,Female,72,1,1,Research Scientist,3.0,Single,3919.0,4681,1,Yes,22,4,2,0,10,5.0,3.0,10.0,2,6,7
42.0,0,Travel_Rarely,691,Sales,8,4,Marketing,35,3.0,Male,48,3,2,Sales Executive,2.0,Married,6825.0,21173,0,No,11,3,4,1,10,2.0,3.0,9.0,7,4,2
44.0,0,Travel_Rarely,477,Research & Development,7,4,Medical,36,1.0,Female,42,2,3,Healthcare Representative,4.0,Married,4960.0,2094,3,No,14,3,4,1,24,4.0,3.0,22.0,6,5,17
46.0,0,Travel_Rarely,705,Sales,2,4,Marketing,38,2.0,Female,83,3,5,Manager,1.0,Single,18947.0,22822,3,No,12,3,4,0,22,2.0,2.0,2.0,2,2,1
33.0,0,Travel_Rarely,924,Research & Development,2,3,Medical,39,3.0,Male,78,3,1,Laboratory Technician,4.0,Single,2496.0,6670,4,No,11,3,4,0,7,3.0,3.0,1.0,1,0,0
44.0,0,Travel_Rarely,1459,Research & Development,10,4,Other,40,4.0,Male,41,3,2,Healthcare Representative,3.0,Married,4960.0,19121,2,Yes,13,3,4,0,9,5.0,4.0,4.0,2,1,3
30.0,0,Travel_Rarely,125,Research & Development,9,2,Medical,41,4.0,Male,83,2,1,Laboratory Technician,3.0,Single,2206.0,16117,1,No,13,3,1,0,10,5.0,3.0,10.0,0,1,8
36.0,1,Travel_Rarely,895,Sales,5,3,Technical Degree,42,4.0,Male,56,3,2,Sales Representative,3.0,Married,2086.0,3335,3,No,14,3,3,1,19,6.0,4.0,1.0,0,0,0
24.0,1,Travel_Rarely,813,Research & Development,1,3,Medical,45,3.0,Male,61,3,1,Research Scientist,4.0,Married,2293.0,3020,2,Yes,16,3,1,1,6,3.0,2.0,2.0,0,2,0
43.0,0,Travel_Rarely,1273,Research & Development,2,2,Medical,46,4.0,Female,72,4,1,RESEARCH SCIENTIST,3.0,Divorced,4960.0,21923,1,No,12,3,4,2,6,3.0,2.0,5.0,3,1,4
36.0,1,Travel_Rarely,869,Sales,3,2,Marketing,47,1.0,Male,86,2,1,Sales Representative,3.0,Married,4960.0,3810,1,Yes,14,3,3,0,3,2.0,3.0,3.0,2,0,2
35.0,0,Travel_Rarely,890,Sales,2,3,Marketing,49,3.0,Female,97,3,1,Sales Representative,3.0,Married,2014.0,9687,1,No,13,3,1,0,2,3.0,3.0,5.0,2,2,2
36.0,0,Travel_Rarely,852,Research & Development,5,4,Life Sciences,51,2.0,Female,82,2,1,Research Scientist,1.0,Married,3419.0,13072,9,Yes,14,3,4,1,6,3.0,4.0,5.0,1,0,0
33.0,0,Travel_Frequently,1141,Sales,1,3,Life Sciences,52,3.0,Female,42,4,2,Sales Executive,1.0,Married,5376.0,3193,2,No,19,3,1,2,10,3.0,3.0,5.0,3,1,3
35.0,0,Travel_Rarely,464,Research & Development,4,2,Other,53,3.0,Male,75,3,1,Laboratory Technician,3.0,Divorced,1951.0,10910,1,No,12,3,3,1,1,3.0,3.0,1.0,0,0,0
27.0,0,Travel_Rarely,1240,Research & Development,2,4,Life Sciences,54,4.0,Female,33,3,1,Laboratory Technician,1.0,Divorced,2341.0,19715,1,No,13,3,4,1,1,6.0,3.0,1.0,0,0,0
26.0,1,Travel_Rarely,1357,Research & Development,25,3,Life Sciences,55,1.0,Male,48,1,1,Laboratory Technician,3.0,Single,4960.0,10558,1,No,12,3,3,0,1,2.0,2.0,1.0,0,0,1
36.0,0,Travel_Frequently,994,Sales,8,3,Life Sciences,56,4.0,Male,37,3,3,Sales Executive,3.0,Single,8726.0,2975,1,No,15,3,4,0,9,0.0,3.0,9.0,8,1,7
30.0,0,Travel_Frequently,721,Research & Development,1,2,Medical,57,3.0,Female,58,3,2,Laboratory Technician,4.0,Single,4011.0,10781,1,No,23,4,4,0,12,2.0,3.0,12.0,8,3,7
36.0,1,Travel_Rarely,1360,Research & Development,12,3,Technical Degree,58,2.0,Female,49,3,5,Research Director,3.0,Married,19545.0,16280,1,No,12,3,4,0,23,0.0,3.0,22.0,15,15,8
34.0,0,Non-Travel,1065,Sales,23,4,Marketing,60,2.0,Male,72,3,2,Sales Executive,3.0,Single,4568.0,10034,0,No,20,4,3,0,10,2.0,3.0,9.0,5,8,7
37.0,0,Travel_Rarely,408,Research & Development,19,2,Life Sciences,61,2.0,Male,73,3,1,Research Scientist,2.0,Married,3022.0,10227,4,No,21,4,1,0,8,1.0,3.0,1.0,0,0,0
46.0,0,Travel_Frequently,1211,Sales,5,4,Marketing,62,1.0,Male,98,3,2,Sales Executive,4.0,Single,4960.0,20445,4,Yes,21,4,3,0,14,4.0,3.0,5.0,6,0,8
35.0,0,Travel_Rarely,1229,Research & Development,8,1,Life Sciences,63,4.0,Male,36,4,1,Laboratory Technician,4.0,Married,2269.0,4892,1,No,19,3,4,0,1,2.0,3.0,1.0,0,0,1
48.0,1,Travel_Rarely,626,Research & Development,1,2,Life Sciences,64,1.0,Male,98,2,3,Laboratory Technician,3.0,Single,5381.0,19294,9,Yes,13,3,4,0,23,2.0,3.0,1.0,0,0,0
36.0,1,Travel_Rarely,1434,Research & Development,5,4,Technical Degree,65,3.0,Male,50,3,1,Laboratory Technician,3.0,Single,3441.0,11179,1,Yes,13,3,3,0,2,3.0,2.0,2.0,2,2,2
44.0,0,Travel_Rarely,1488,Sales,1,5,Marketing,68,2.0,Female,75,3,2,Sales Executive,1.0,Divorced,5454.0,4009,5,Yes,21,4,3,1,9,2.0,2.0,4.0,3,1,3
35.0,0,Non-Travel,1097,Research & Development,11,2,Medical,70,3.0,Male,79,2,3,Healthcare Representative,1.0,Married,9884.0,8302,2,Yes,13,3,3,1,10,3.0,3.0,4.0,0,2,3
26.0,0,Travel_Rarely,1443,Sales,23,3,Marketing,72,3.0,Female,47,2,2,Sales Executive,4.0,Married,4157.0,21436,7,Yes,19,3,3,1,5,2.0,2.0,2.0,2,0,0
33.0,0,Travel_Frequently,515,Research & Development,1,2,Life Sciences,73,1.0,Female,98,3,3,Research Director,4.0,Single,13458.0,15146,1,Yes,12,3,3,0,15,1.0,3.0,15.0,14,8,12
35.0,0,Travel_Frequently,853,Sales,18,5,Life Sciences,74,3.0,Male,71,3,3,Sales Executive,1.0,Married,9069.0,11031,1,No,22,4,4,1,9,3.0,2.0,9.0,8,1,8
35.0,0,Travel_Rarely,1142,Research & Development,23,4,Medical,75,3.0,Female,30,3,1,Laboratory Technician,1.0,Married,4014.0,16002,3,Yes,15,3,3,1,4,3.0,3.0,2.0,2,2,2
31.0,0,Travel_Rarely,655,Research & Development,7,4,Life Sciences,76,3.0,Male,48,3,2,Laboratory Technician,4.0,Divorced,5915.0,9528,3,No,22,4,4,1,10,3.0,2.0,7.0,7,1,7
37.0,0,Travel_Rarely,1115,Research & Development,1,4,Life Sciences,77,1.0,Male,51,2,2,Manufacturing Director,3.0,Divorced,5993.0,2689,1,No,18,3,3,1,7,2.0,4.0,7.0,5,0,7
32.0,0,Travel_Rarely,427,Research & Development,1,3,Medical,78,1.0,Male,33,3,2,Manufacturing Director,4.0,Married,6162.0,10877,1,Yes,22,4,2,1,9,3.0,3.0,9.0,8,7,8
38.0,0,Travel_Frequently,653,Research & Development,29,5,Life Sciences,79,4.0,Female,50,3,2,Laboratory Technician,4.0,Single,4960.0,5456,1,No,11,3,4,0,10,2.0,3.0,10.0,3,9,9
50.0,0,Travel_Rarely,989,Research & Development,7,2,Medical,80,2.0,Female,43,2,5,Research Director,3.0,Divorced,18740.0,16701,5,Yes,12,3,4,1,29,2.0,2.0,27.0,3,13,8
59.0,0,Travel_Rarely,1435,Sales,25,3,Life Sciences,81,1.0,Female,99,3,3,Sales Executive,1.0,Single,7637.0,2354,7,No,11,3,4,0,28,3.0,2.0,5.0,16,7,9
36.0,0,Travel_Rarely,1223,Research & Development,8,3,Technical Degree,83,3.0,Female,59,3,3,Healthcare Representative,3.0,Divorced,10096.0,8202,1,No,13,3,2,3,17,2.0,3.0,17.0,14,12,8
55.0,0,Travel_Rarely,836,Research & Development,8,3,Medical,84,4.0,Female,33,3,4,Manager,3.0,Divorced,14756.0,19730,2,Yes,14,3,3,3,21,2.0,3.0,5.0,0,0,2
36.0,0,Travel_Frequently,1195,Research & Development,11,3,Life Sciences,85,2.0,Male,95,2,2,Manufacturing Director,2.0,Single,6499.0,22656,1,No,13,3,3,0,6,3.0,3.0,6.0,5,0,3
45.0,0,Travel_Rarely,1339,Research & Development,7,3,Life Sciences,86,2.0,Male,59,3,3,Research Scientist,1.0,Divorced,9724.0,18787,2,No,17,3,3,1,25,2.0,3.0,1.0,0,0,0
35.0,0,Travel_Frequently,664,Research & Development,1,3,Medical,88,2.0,Male,79,3,1,Research Scientist,1.0,Married,2194.0,5868,4,No,13,3,4,1,5,2.0,2.0,3.0,2,1,2
36.0,1,Travel_Rarely,318,research & development,9,3,Medical,90,4.0,Male,79,2,1,Research Scientist,3.0,Married,3388.0,21777,0,Yes,17,3,1,1,2,0.0,2.0,1.0,0,0,0
59.0,0,Travel_Frequently,1225,Sales,1,1,Life Sciences,91,1.0,Female,57,2,2,Sales Executive,3.0,Single,5473.0,24668,7,No,11,3,4,0,20,2.0,2.0,4.0,3,1,3
29.0,0,Travel_Rarely,1328,Research & Development,2,3,Life Sciences,94,3.0,Male,76,3,1,Research Scientist,2.0,Married,2703.0,4956,0,No,23,4,4,1,6,3.0,3.0,5.0,4,0,4
31.0,0,Travel_Rarely,1082,Research & Development,1,4,Medical,95,3.0,Male,87,3,1,Research Scientist,2.0,Single,2501.0,18775,1,No,17,3,2,0,1,4.0,3.0,1.0,1,1,0
32.0,0,Travel_Rarely,548,Research & Development,1,3,Life Sciences,96,2.0,Male,66,3,2,Research Scientist,2.0,Married,6220.0,7346,1,No,17,3,2,2,10,3.0,3.0,10.0,4,0,9
36.0,0,Travel_Rarely,132,Research & Development,6,3,Life Sciences,97,2.0,Female,55,4,1,Laboratory Technician,4.0,Married,3038.0,22002,3,No,12,3,2,0,5,3.0,3.0,1.0,0,0,0
31.0,0,Travel_Rarely,746,Research & Development,8,4,Life Sciences,98,3.0,Female,61,3,2,Manufacturing Director,4.0,Single,4424.0,20682,1,No,23,4,4,0,11,2.0,3.0,11.0,7,1,8
35.0,0,Travel_Rarely,776,Sales,1,4,Marketing,100,3.0,Male,32,2,2,Sales Executive,1.0,Single,4960.0,23016,0,No,14,3,2,0,16,2.0,3.0,15.0,13,2,8
45.0,0,Travel_Rarely,193,Research & Development,6,4,Other,101,4.0,Male,52,3,3,Research Director,3.0,Married,13245.0,15067,4,Yes,14,3,2,0,17,3.0,4.0,0.0,0,0,0
37.0,0,Travel_Rarely,397,Research & Development,7,4,Medical,102,1.0,Male,30,3,3,Research Director,3.0,Single,13664.0,25258,4,No,13,3,1,0,16,3.0,4.0,75.0,2,0,2
46.0,0,Travel_Rarely,945,Human Resources,5,2,Medical,103,2.0,Male,80,3,2,Human Resources,2.0,Divorced,5021.0,10425,8,Yes,22,4,4,1,16,2.0,3.0,5.0,2,0,2
36.0,0,Travel_Rarely,852,Research & Development,1,1,Life Sciences,104,4.0,Male,55,2,2,Laboratory Technician,4.0,Married,5126.0,15998,1,Yes,12,3,3,2,10,1.0,2.0,10.0,8,3,0
35.0,0,Travel_Rarely,1214,Research & Development,1,3,Medical,105,2.0,Male,30,2,1,Research Scientist,3.0,Single,2859.0,26278,1,No,18,3,1,0,6,3.0,3.0,6.0,4,0,4
55.0,0,Travel_Rarely,111,Sales,1,2,Life Sciences,106,1.0,Male,70,3,3,Sales Executive,4.0,Married,10239.0,18092,3,No,14,3,4,1,24,4.0,3.0,1.0,0,1,0
38.0,0,Non-Travel,573,Research & Development,6,3,Medical,107,2.0,Female,79,1,2,Research Scientist,4.0,Divorced,5329.0,15717,7,Yes,12,3,4,3,17,3.0,3.0,13.0,11,1,9
36.0,0,Travel_Rarely,1153,Research & Development,1,2,Medical,110,1.0,Male,94,3,2,Manufacturing Director,3.0,Married,4325.0,17736,1,No,15,3,3,0,5,2.0,3.0,5.0,2,1,3
36.0,0,Travel_Rarely,1400,Research & Development,7,3,Life Sciences,112,4.0,Male,49,1,3,Manufacturing Director,4.0,Single,7260.0,21698,4,No,11,3,1,0,37,3.0,2.0,6.0,4,0,2
23.0,0,Travel_Rarely,541,Sales,2,1,Technical Degree,113,3.0,Male,62,3,1,Sales Representative,1.0,Divorced,2322.0,9518,3,No,13,3,3,1,3,3.0,3.0,0.0,0,0,0
51.0,0,Travel_Rarely,432,Research & Development,9,4,Life Sciences,116,4.0,Male,96,3,1,Laboratory Technician,4.0,Married,2075.0,18725,3,No,23,4,2,2,10,4.0,3.0,4.0,2,0,3
30.0,0,Travel_Rarely,288,Research & Development,2,3,Life Sciences,117,3.0,Male,99,2,2,Healthcare Representative,4.0,Married,4152.0,15830,1,No,19,3,1,3,11,3.0,3.0,11.0,10,10,8
46.0,1,Travel_Rarely,669,Sales,9,2,Medical,118,3.0,Male,64,2,3,Sales Executive,4.0,Single,9619.0,13596,1,No,16,3,4,0,9,3.0,3.0,9.0,8,4,7
40.0,0,Travel_Frequently,530,Research & Development,1,4,Life Sciences,119,3.0,Male,78,2,4,Healthcare Representative,2.0,Married,13503.0,14115,1,No,22,4,4,1,22,3.0,2.0,22.0,3,11,11
51.0,0,Travel_Rarely,632,Sales,21,4,Marketing,120,3.0,Male,71,3,2,Sales Executive,4.0,Single,5441.0,8423,0,Yes,22,4,4,0,11,2.0,1.0,10.0,7,1,0
30.0,0,Travel_Rarely,1334,Sales,4,2,Medical,121,3.0,Female,63,2,2,Sales Executive,2.0,Divorced,5209.0,19760,1,Yes,12,3,2,3,11,4.0,2.0,11.0,8,2,7
46.0,0,Travel_Frequently,638,Research & Development,1,3,Medical,124,3.0,Male,40,2,3,Healthcare Representative,1.0,Married,10673.0,3142,2,Yes,13,3,3,1,21,5.0,2.0,10.0,9,9,5
32.0,0,Travel_Rarely,1093,Sales,6,4,Medical,125,2.0,Male,87,3,2,Sales Executive,3.0,Single,5010.0,24301,1,No,16,3,1,0,12,0.0,3.0,11.0,8,5,7
54.0,0,Travel_Rarely,1217,Research & Development,2,4,Technical Degree,126,1.0,Female,60,3,3,Research Director,3.0,Married,13549.0,24001,9,No,12,3,1,1,16,5.0,1.0,4.0,3,0,3
36.0,0,Travel_Rarely,1353,SALES,3,2,Other,128,1.0,Female,33,3,2,Sales Executive,3.0,Married,4999.0,17519,0,No,21,4,1,1,4,2.0,2.0,3.0,2,0,2
28.0,0,Non-Travel,120,Sales,4,3,Medical,129,2.0,Male,43,3,2,Sales Executive,3.0,Married,4221.0,8863,1,No,15,3,2,0,5,3.0,4.0,5.0,4,0,4
58.0,0,Travel_Rarely,682,Sales,10,4,Medical,131,4.0,Male,37,3,4,Sales Executive,3.0,Single,13872.0,24409,0,No,13,3,3,0,38,1.0,2.0,37.0,10,1,8
44.0,0,Non-Travel,489,Research & Development,23,3,Medical,132,3.0,Male,67,3,2,Laboratory Technician,2.0,Married,2042.0,25043,4,No,12,3,3,1,17,3.0,4.0,3.0,2,1,2
37.0,1,Travel_Rarely,807,Human Resources,6,4,Human Resources,133,3.0,Male,63,3,1,Human Resources,1.0,Divorced,2073.0,23648,4,Yes,22,4,4,0,7,3.0,3.0,3.0,2,0,2
36.0,0,Travel_Rarely,827,Research & Development,1,1,Life Sciences,134,4.0,Male,71,3,1,Research Scientist,1.0,Single,2956.0,15178,1,No,13,3,4,0,1,2.0,3.0,1.0,0,0,0
20.0,1,Travel_Frequently,871,Research & Development,6,3,Life Sciences,137,4.0,Female,66,2,1,Laboratory Technician,4.0,Single,2926.0,19783,1,Yes,18,3,2,0,1,5.0,3.0,1.0,0,1,0
34.0,0,Travel_Rarely,665,Research & Development,6,4,Other,138,1.0,Female,41,3,2,Research Scientist,3.0,Single,4960.0,12482,1,No,14,3,3,0,16,3.0,3.0,16.0,13,2,10
37.0,0,Non-Travel,1040,Research & Development,2,2,Life Sciences,139,3.0,Male,100,2,2,Healthcare Representative,4.0,Other,4960.0,15850,5,No,14,3,4,1,17,2.0,4.0,1.0,0,0,0
36.0,0,Non-Travel,1420,Human Resources,2,4,Human Resources,140,3.0,Female,32,2,5,Manager,4.0,Married,18844.0,21922,9,No,21,4,4,1,30,3.0,3.0,5.0,2,2,2
50.0,0,Travel_Frequently,1115,Research & Development,1,3,Life Sciences,141,1.0,Female,73,3,5,Research Director,2.0,Married,18172.0,9755,3,Yes,19,3,1,0,28,1.0,2.0,8.0,3,0,7
25.0,1,Travel_Rarely,240,Sales,5,3,Marketing,142,3.0,Male,46,2,2,Sales Executive,3.0,Single,5744.0,26959,1,Yes,11,3,4,0,6,1.0,3.0,6.0,4,0,3
25.0,0,Travel_Rarely,1280,Research & Development,7,1,Medical,143,4.0,Unknown,64,2,1,Research Scientist,4.0,Married,2889.0,26897,1,No,11,3,3,2,2,2.0,3.0,2.0,2,2,1
22.0,0,Travel_Rarely,534,Research & Development,15,3,Medical,144,2.0,Female,59,3,1,Laboratory Technician,4.0,Single,2871.0,23785,1,No,15,3,3,0,1,5.0,3.0,0.0,0,0,0
51.0,0,Travel_Frequently,1456,Research & Development,1,4,Medical,145,1.0,Female,30,2,3,Healthcare Representative,1.0,Single,7484.0,25796,3,No,20,4,3,0,23,1.0,2.0,13.0,12,12,8
36.0,1,Travel_Frequently,658,Research & Development,7,3,Life Sciences,147,1.0,Male,66,1,2,Laboratory Technician,3.0,Single,6074.0,22887,1,Yes,24,4,4,0,9,3.0,3.0,9.0,7,0,6
54.0,0,Non-Travel,142,Human Resources,26,3,Human Resources,148,4.0,Female,30,4,4,Manager,4.0,Single,17328.0,13871,2,Yes,12,3,3,0,23,3.0,3.0,5.0,3,4,4
24.0,0,Travel_Rarely,1127,Research & Development,18,1,Life Sciences,150,2.0,Male,52,3,1,Laboratory Technician,3.0,Married,2774.0,13257,0,No,12,3,3,1,6,2.0,3.0,5.0,3,1,2
34.0,0,Travel_Rarely,1031,Research & Development,6,4,Life Sciences,151,3.0,Female,45,2,2,Research Scientist,2.0,Divorced,4505.0,15000,6,No,15,3,3,1,12,3.0,3.0,1.0,0,0,0
37.0,0,Travel_Rarely,1189,Sales,3,3,Life Sciences,152,3.0,Male,87,3,3,Sales Executive,4.0,Single,7428.0,14506,2,No,12,3,1,0,12,3.0,3.0,5.0,3,1,3
34.0,0,Travel_Rarely,1354,Research & Development,5,3,Medical,153,3.0,Female,45,2,3,Manager,1.0,Single,11631.0,5615,2,No,12,3,4,0,14,6.0,3.0,5.0,10,5,8
36.0,0,Travel_Frequently,1467,Sales,11,2,Technical Degree,154,2.0,Female,92,3,3,Sales Executive,4.0,Married,9738.0,22952,0,No,14,3,3,1,10,6.0,3.0,9.0,7,2,8
36.0,0,Travel_Rarely,922,Research & Development,3,2,Life Sciences,155,1.0,Female,39,3,1,laboratory technician,4.0,Divorced,2835.0,2561,5,No,22,4,1,1,7,2.0,3.0,1.0,0,0,0
43.0,0,Travel_Frequently,394,Sales,26,2,Life Sciences,158,3.0,Male,92,3,4,Manager,4.0,Married,16959.0,19494,1,Yes,12,3,4,2,25,3.0,3.0,25.0,12,4,12
30.0,0,Travel_Frequently,1312,Research & Development,23,3,Life Sciences,159,1.0,Male,96,1,1,Research Scientist,3.0,Divorced,2613.0,22310,1,No,25,4,3,3,10,2.0,2.0,10.0,7,0,9
33.0,0,Non-Travel,750,Sales,22,2,Marketing,160,3.0,Male,95,3,2,Sales Executive,2.0,Married,6146.0,15480,0,No,13,3,1,1,8,2.0,4.0,7.0,7,0,7
56.0,1,Travel_Rarely,441,Research & Development,14,4,Life Sciences,161,2.0,Female,72,3,1,Research Scientist,3.0,Married,4963.0,4510,9,Yes,18,3,1,3,7,2.0,3.0,5.0,4,4,3
51.0,0,Travel_Rarely,684,Research & Development,6,3,Life Sciences,162,1.0,Male,51,3,5,Research Director,3.0,Single,19537.0,6462,7,No,13,3,3,0,23,5.0,3.0,20.0,18,15,15
31.0,1,Travel_Rarely,249,Sales,6,4,Life Sciences,163,2.0,Male,76,1,2,Sales Executive,3.0,Married,6172.0,20739,4,Yes,18,3,2,0,12,3.0,2.0,7.0,7,7,7
26.0,0,Travel_Rarely,841,Research & Development,6,3,Other,164,3.0,Female,46,2,1,Research Scientist,2.0,Married,2368.0,23300,1,No,19,3,3,0,5,3.0,2.0,5.0,4,4,3
36.0,1,Travel_Rarely,147,Research & Development,23,4,Medical,165,4.0,Female,94,3,3,Healthcare Representative,3.0,Married,10312.0,3465,1,No,12,3,4,1,40,3.0,2.0,40.0,10,15,6
19.0,1,Travel_Rarely ,528,Sales,22,1,Marketing,167,4.0,Male,50,3,1,Sales Representative,3.0,Single,1675.0,26820,1,Yes,19,3,4,0,0,2.0,2.0,100.0,0,0,0
22.0,0,Travel_Rarely,594,Research & Development,2,1,Technical Degree,169,3.0,Male,100,3,1,Laboratory Technician,4.0,Married,2523.0,19299,0,No,14,3,3,1,3,2.0,3.0,2.0,1,2,1
49.0,0,Travel_Rarely,470,Research & Development,20,4,Medical,170,3.0,Female,96,3,2,MANUFACTURING DIRECTOR,3.0,Married,6567.0,5549,1,No,14,3,3,0,16,2.0,2.0,15.0,11,5,11
43.0,0,Travel_Frequently,957,Research & Development,28,3,Medical,171,2.0,Female,72,4,1,Research Scientist,3.0,Single,4739.0,16090,4,No,12,3,4,0,18,2.0,3.0,3.0,2,1,2
50.0,0,Travel_Frequently,809,Sales,12,3,Marketing,174,3.0,Female,77,3,3,SALES EXECUTIVE,4.0,Single,4960.0,6645,4,No,11,3,4,0,16,3.0,3.0,5.0,2,2,1
31.0,1,Travel_Rarely,542,Sales,20,3,Life Sciences,175,3.0,Female,71,1,2,Sales Executive,3.0,Married,4559.0,24788,3,Yes,11,3,3,1,4,2.0,3.0,2.0,2,2,2
41.0,0, Travel_Rarely,802,Sales,9,1,Life Sciences,176,3.0,Male,96,3,3,Sales Executive,3.0,Divorced,8189.0,21196,3,Yes,13,3,3,1,12,2.0,3.0,9.0,7,0,7
26.0,0,Travel_Rarely,1355,Human Resources,25,1,Life Sciences,177,3.0,Female,61,3,1,Human Resources,3.0,Married,2942.0,8916,1,No,23,4,4,1,8,3.0,3.0,8.0,7,5,7
36.0,0,Travel_Rarely,216,Research & Development,6,2,Medical,178,2.0,Male,84,3,2,Manufacturing Director,2.0,Divorced,4941.0,2819,6,No,20,4,4,2,7,0.0,3.0,3.0,2,0,1
51.0,1,Travel_Frequently,1150,Research & Development,8,4,Life Sciences,179,1.0,Male,53,1,3,Manufacturing Director,4.0,Single,10650.0,25150,2,No,15,3,4,0,18,2.0,3.0,5.0,2,0,3
36.0,0,Travel_Rarely,1329,Sales,4,4,Life Sciences,182,4.0,Female,47,2,2,Sales Executive,3.0,Married,5902.0,14590,4,No,14,3,3,1,17,1.0,4.0,15.0,11,5,9
25.0,0,Travel_Rarely,959,Sales,28,3,Life Sciences,183,1.0,Male,41,2,2,Sales Executive,3.0,Married,8639.0,24835,2,No,18,3,4,0,6,3.0,3.0,2.0,2,2,2
30.0,0,Travel_Rarely,1240,Human Resources,9,3,Human Resources,184,3.0,Male,48,3,2,Human Resources,4.0,Married,6347.0,13982,0,Yes,19,3,4,0,12,2.0,1.0,11.0,9,4,7
32.0,1,Travel_Rarely,1033,Research & Development,9,3,Medical,190,1.0,Female,41,3,1,Laboratory Technician,1.0,Single,4200.0,10224,7,No,22,4,1,0,10,2.0,4.0,5.0,4,0,4
45.0,0,Travel_Rarely,1316,Research & Development,29,3,Medical,192,3.0,Male,83,3,1,Research Scientist,3.0,Single,3452.0,9752,5,No,13,3,2,0,9,2.0,2.0,6.0,5,0,3
38.0,0,Travel_Rarely,364,Research & Development,3,5,Technical Degree,193,4.0,Female,32,3,2,Research Scientist,3.0,Single,4317.0,2302,3,Yes,20,4,2,0,19,2.0,3.0,3.0,2,2,2
30.0,0,Travel_Rarely,438,Research & Development,18,3,Life Sciences,194,1.0,Female,75,3,1,Research Scientist,3.0,Single,2632.0,23910,1,No,14,3,3,0,5,4.0,3.0,5.0,4,0,4
32.0,0,Travel_Frequently,689,Sales,9,2,Medical,195,4.0,Male,35,1,2,Sales Executive,4.0,Divorced,4668.0,22812,0,No,17,3,4,3,9,2.0,3.0,65.0,7,0,7
30.0,0,Travel_Rarely,201,Research & Development,5,3,Technical Degree,197,4.0,Female,84,3,1,Research Scientist,1.0,Divorced,3204.0,10415,5,No,14,3,4,1,8,3.0,3.0,3.0,2,2,2
30.0,0,Travel_Rarely,1427,Research & Development,2,1,Medical,198,3.0,Male,35,2,1,Laboratory Technician,4.0,Single,2720.0,11162,0,No,13,3,4,0,6,3.0,3.0,5.0,3,1,2
41.0,0,Travel_Frequently,857,Research & Development,10,3,Life Sciences,199,4.0,Male,91,2,4,Manager,1.0,Divorced,4960.0,12888,4,No,13,3,2,1,21,3.0,2.0,7.0,6,7,7
41.0,0,Travel_Rarely,933,Research & Development,9,4,Life Sciences,200,3.0,Male,94,3,1,Laboratory Technician,3.0,Married,2238.0,6961,2,No,21,4,4,1,7,2.0,3.0,5.0,0,1,4
19.0,0,Travel_Rarely,1181,Research & Development,3,1,Medical,201,2.0,Female,79,3,1,Laboratory Technician,2.0,Single,1483.0,16102,1,No,14,3,4,0,1,3.0,3.0,1.0,0,0,0
40.0,0,Travel_Frequently,1395,Research & Development,26,3,Medical,202,2.0,Female,54,3,2,Research Scientist,2.0,Divorced,5605.0,8504,1,No,11,3,1,1,20,2.0,3.0,5.0,7,2,13
35.0,0,Travel_Rarely,662,Sales,1,5,Marketing,204,3.0,Male,94,3,3,Sales Executive,2.0,Married,7295.0,11439,1,No,13,3,1,2,10,3.0,3.0,10.0,8,0,6
53.0,0,Travel_Rarely,1436,SALES,6,2,Marketing,205,2.0,Male,34,3,2,Sales Representative,3.0,Married,2306.0,16047,2,Yes,20,4,4,1,13,3.0,3.0,7.0,7,4,5
45.0,0,Travel_Rarely,194,Research & Development,9,3,Life Sciences,206,2.0,Male,60,3,2,Laboratory Technician,2.0,Divorced,2348.0,10901,8,No,18,3,3,1,20,3.0,1.0,17.0,9,0,15
32.0,0,Travel_Frequently,967,Sales,8,3,Marketing,207,2.0,Female,43,3,3,Sales Executive,4.0,Single,500000.0,15589,1,No,14,3,4,0,9,2.0,3.0,9.0,8,3,7
29.0,0, Non-Travel,1496,Research & Development,1,1,Technical Degree,208,4.0,Male,41,3,2,MANUFACTURING DIRECTOR,3.0,Married,4319.0,26283,1,No,13,3,1,1,10,1.0,3.0,10.0,7,0,9
51.0,0,Travel_Rarely,1169,Research & Development,7,4,Medical,211,2.0,Male,34,2,2,Manufacturing Director,3.0,Married,4960.0,13983,2,No,17,3,3,0,10,2.0,3.0,5.0,0,0,0
58.0,0,Travel_Rarely,1145,Research & Development,9,3,Medical,214,2.0,Female,75,2,1,RESEARCH SCIENTIST,2.0,Married,3346.0,11873,4,Yes,20,4,2,1,9,3.0,2.0,1.0,0,0,0
40.0,0,Travel_Rarely,630,Sales,4,4,Marketing,215,3.0,Male,67,2,3,Sales Executive,4.0,Married,10855.0,8552,7,No,11,3,1,1,15,2.0,2.0,12.0,11,2,11
34.0,0,Travel_Frequently,303,Sales,2,4,Marketing,216,3.0,Female,75,3,1,Sales Representative,3.0,Married,2231.0,11314,6,No,18,3,4,1,6,3.0,3.0,4.0,3,1,2
22.0,0,Travel_Rarely,1256,Research & Development,19,1,Medical,217,3.0,Male,80,3,1,Research Scientist,4.0,Married,2323.0,11992,1,No,24,4,1,2,2,6.0,3.0,2.0,2,2,2
27.0,0,Non-Travel ,691,Research & Development,9,3,Medical,218,4.0,Male,57,3,1,Research Scientist,2.0,Divorced,4960.0,5970,6,No,18,3,4,1,6,1.0,1.0,2.0,2,2,2
28.0,0,Travel_Rarely,440,Research & Development,21,3,Medical,221,3.0,Male,42,3,1,Research Scientist,3.0,Married,2713.0,6672,1,No,11,3,3,1,5,2.0,1.0,5.0,2,0,2
57.0,0,Travel_Rarely,334,Research & Development,24,2,Life Sciences,223,3.0,Male,83,4,3,Healthcare Representative,4.0,Divorced,9439.0,23402,3,Yes,16,3,2,1,12,2.0,1.0,5.0,3,1,4
27.0,0,Non-Travel,1450,Research & Development,3,3,Medical,224,3.0,Male,79,2,1,Research Scientist,3.0,Divorced,2566.0,25326,1,Yes,15,3,4,1,1,2.0,2.0,1.0,1,0,1
0.0,0,Travel_Rarely,1452,Research & Development,11,3,Life Sciences,226,3.0,Female,53,3,5,Manager,2.0,Single,19926.0,17053,3,No,15,3,2,0,21,5.0,3.0,5.0,4,4,4
41.0,0,Travel_Rarely,465,Research & Development,14,3,Life Sciences,227,1.0,Male,56,3,1,Research Scientist,3.0,Divorced,2451.0,4609,4,No,12,3,1,1,13,2.0,3.0,9.0,8,1,8
30.0,0,Travel_Rarely,1339,Sales,5,3,Life Sciences,228,2.0,Female,41,3,3,Sales Executive,4.0,Married,4960.0,8053,2,No,12,3,3,1,12,2.0,3.0,10.0,9,7,4
38.0,0,Travel_Rarely,702,Sales,1,4,Life Sciences,230,1.0,Female,59,2,2,Sales Executive,4.0,Single,8686.0,12930,4,No,22,4,3,0,12,2.0,3.0,8.0,3,0,7
32.0,0,Travel_Rarely,120,Research & Development,6,5,Life Sciences,231,3.0,Male,43,3,1,Research Scientist,3.0,Other,-5000.0,12430,3,No,20,4,1,0,8,2.0,3.0,5.0,4,1,4
27.0,0,Travel_Rarely,1157,Research & Development,17,3,Technical Degree,233,3.0,Male,51,3,1,Research Scientist,2.0,Married,3058.0,13364,0,Yes,16,3,4,1,6,3.0,3.0,5.0,2,1,1
19.0,1,Travel_Frequently,602,Sales,1,1,Technical Degree,235,3.0,Female,100,1,1,Sales Representative,1.0,Single,4960.0,20989,0,No,21,4,1,0,1,5.0,4.0,0.0,0,0,0
36.0,0,Travel_Frequently,1480,Research & Development,3,2,Medical,238,4.0,Male,30,3,1,Laboratory Technician,2.0,Single,2088.0,15062,4,No,12,3,3,0,13,3.0,2.0,8.0,7,7,2
30.0,0,Non-Travel,111,Research & Development,9,3,Medical,239,3.0,Male,66,3,2,Laboratory Technician,1.0,Divorced,3072.0,11012,1,No,11,3,3,2,12,4.0,3.0,12.0,9,6,10
45.0,0,Travel_Rarely,1268,Sales,4,2,Life Sciences,240,3.0,Female,30,3,2,Sales Executive,1.0,Divorced,5006.0,6319,4,Yes,11,3,1,1,9,3.0,4.0,5.0,4,0,3
56.0,0,Travel_Rarely,713,Research & Development,8,3,Life Sciences,241,3.0,Unknown,67,3,1,Research Scientist,1.0,Divorced,4257.0,13939,4,Yes,18,3,3,1,19,3.0,3.0,2.0,2,2,2
33.0,0,Travel_Rarely,134,Research & Development,2,3,Life Sciences,242,3.0,Male,90,3,1,Research Scientist,4.0,Single,2500.0,10515,0,No,14,3,1,0,4,2.0,4.0,3.0,1,0,2
19.0,1,Travel_Rarely,303,Research & Development,2,3,Life Sciences,243,2.0,Male,47,2,1,Laboratory Technician,4.0,Single,1102.0,9241,1,No,22,4,3,0,1,3.0,2.0,1.0,0,1,0
46.0,0,Travel_Rarely,526,Sales,1,2,Marketing,244,2.0,Female,92,3,3,Sales Executive,1.0,Divorced,10453.0,2137,1,No,25,4,3,3,24,2.0,3.0,24.0,13,15,7
36.0,0,Travel_Rarely,1380,Research & Development,9,2,Life Sciences,245,3.0,Female,75,3,1,Laboratory Technician,4.0,Single,2288.0,6319,1,No,12,3,3,0,2,3.0,3.0,2.0,2,2,1
31.0,0,Travel_Rarely,140,Research & Development,12,1,Medical,246,3.0,Female,95,3,1,Research Scientist,4.0,Married,3929.0,6984,8,Yes,23,4,3,1,7,0.0,3.0,4.0,2,0,2
34.0,0,Travel_Rarely,629,Research & Development,27,2,Medical,247,4.0,Female,95,3,1,Research Scientist,2.0,Single,2311.0,5711,2,No,15,3,4,0,9,3.0,3.0,5.0,2,1,2
41.0,1,Travel_Rarely,1356,Sales,20,2,Marketing,248,2.0,Female,70,3,1,Sales Representative,2.0,Single,750000.0,21728,1,Yes,22,4,4,0,4,5.0,2.0,4.0,3,0,2
50.0,0,Travel_Rarely,328,Research & Development,1,3,Medical,249,3.0,Male,86,2,1,Laboratory Technician,3.0,Married,3690.0,3425,2,No,15,3,4,1,5,2.0,2.0,3.0,2,0,2
53.0,0,Travel_Rarely,1084,Research & Development,13,2,Medical,250,4.0,Female,57,4,2,Manufacturing Director,1.0,Divorced,4450.0,26250,1,No,11,3,3,2,5,3.0,3.0,4.0,2,1,3
33.0,0, Travel_Rarely,931,Research & Development,14,3,Medical,252,4.0,Female,72,3,1,Research Scientist,2.0,Married,4960.0,4673,1,No,13,3,4,1,8,5.0,3.0,8.0,7,1,6
40.0,0,Travel_Rarely,989,Research & Development,4,1,Medical,253,4.0,Female,46,3,5,Manager,3.0,Married,19033.0,6499,1,No,14,3,2,1,21,2.0,3.0,20.0,8,9,9
55.0,0,Travel_Rarely,692,Research & Development,14,4,Medical,254,3.0,Male,61,4,5,Research Director,2.0,Single,18722.0,13339,8,No,11,3,4,0,36,3.0,3.0,24.0,15,2,15
34.0,0,Travel_Frequently,1069,Research & Development,2,1,Life Sciences,256,4.0,Male,45,2,2,Manufacturing Director,3.0,Married,4960.0,14074,1,No,17,3,3,0,10,2.0,2.0,10.0,9,1,9
51.0,0,Travel_Rarely,313,Research & Development,3,3,Medical,258,4.0,Female,98,3,4,HEALTHCARE REPRESENTATIVE,2.0,Single,4960.0,7192,3,No,18,3,3,0,21,6.0,3.0,7.0,7,1,0
52.0,0,Travel_Rarely,699,Research & Development,1,4,Life Sciences,259,3.0,Male,65,2,5,Manager,3.0,Married,19999.0,5678,0,No,14,3,1,1,34,5.0,3.0,33.0,18,11,9
27.0,0,Travel_Rarely,894,research & development,9,3,Medical,260,4.0,Female,99,3,1,Research Scientist,2.0,Single,2279.0,11781,1,No,16,3,4,0,7,2.0,2.0,7.0,7,0,3
35.0,1,Travel_Rarely,556,Research & Development,23,2,Life Sciences,261,2.0,Male,50,2,2,Manufacturing Director,3.0,Married,5916.0,15497,3,Yes,13,3,1,0,8,1.0,3.0,1.0,0,0,1
43.0,0,Non-Travel,1344,Research & Development,7,3,Medical,262,4.0,Male,37,4,1,Research Scientist,4.0,Divorced,2089.0,5228,4,No,14,3,4,3,7,3.0,4.0,5.0,4,2,2
45.0,0,Non-Travel,1195,Research & Development,-20,2,Medical,264,1.0,Male,65,2,4,Manager,4.0,Married,16792.0,20462,9,No,23,4,4,1,22,1.0,3.0,20.0,8,11,8
37.0,0,Travel_Rarely,290,Research & Development,21,3,Life Sciences,267,2.0,Male,65,4,1,Research Scientist,1.0,Married,3564.0,22977,1,Yes,12,3,1,1,8,3.0,2.0,8.0,7,1,7
35.0,0,Travel_Frequently,138,Research & Development,2,3,Medical,269,2.0,Female,37,3,2,Laboratory Technician,2.0,Single,4960.0,15986,5,No,11,3,4,0,10,5.0,3.0,6.0,2,1,2
42.0,0,Non-Travel,926,Research & Development,21,2,Medical,270,3.0,Female,36,3,2,Manufacturing Director,3.0,Divorced,5265.0,16439,2,No,16,3,2,1,11,5.0,3.0,5.0,3,0,2
38.0,0,Travel_Rarely,1261,Research & Development,2,4,Life Sciences,271,4.0,Male,88,3,2,Manufacturing Director,3.0,Married,6553.0,7259,9,No,14,3,2,0,14,3.0,3.0,1.0,0,0,0
38.0,0,Travel_Rarely,1084,Research & Development,29,3,Technical Degree,273,4.0,Male,54,3,2,manufacturing director,4.0,Married,6261.0,4185,3,No,18,3,1,1,9,3.0,1.0,7.0,7,1,7
27.0,0,Travel_Frequently,472,Research & Development,1,1,Technical Degree,274,3.0,Male,60,2,2,Manufacturing Director,1.0,Married,4298.0,9679,5,No,19,3,3,1,6,1.0,3.0,2.0,2,2,0
49.0,0,Non-Travel,1002,Research & Development,18,4,Life Sciences,275,3.0,Male,92,3,2,Manufacturing Director,3.0,Divorced,6804.0,23793,1,Yes,15,3,1,2,7,0.0,3.0,7.0,7,1,7
34.0,0,Travel_Frequently,878,Research & Development,10,4,Medical,277,4.0,Male,43,3,1,Research Scientist,3.0,Divorced,3815.0,5972,1,Yes,17,3,4,1,5,4.0,4.0,5.0,3,2,0
40.0,0,Travel_Rarely,905,Research & Development,19,2,Medical,281,3.0,Male,99,3,2,Laboratory Technician,3.0,Married,2741.0,16523,8,Yes,15,3,3,1,15,2.0,4.0,7.0,2,3,7
38.0,1,Travel_Rarely,1180,Research & Development,29,1,Medical,282,2.0,Male,70,3,2,Healthcare Representative,1.0,Married,4960.0,11354,7,Yes,19,3,2,0,17,2.0,3.0,1.0,0,0,0
2.0,1,Travel_Rarely,121,SALES,27,3,Marketing,283,2.0,Female,35,3,3,Sales Executive,4.0,Married,7639.0,24525,1,No,22,4,4,3,10,3.0,2.0,10.0,4,1,9
36.0,0,Travel_Rarely,1136,Research & Development,5,3,Life Sciences,284,4.0,Male,60,4,1,Research Scientist,3.0,Divorced,2328.0,12392,1,Yes,16,3,1,1,4,2.0,2.0,4.0,2,2,2
36.0,0,Travel_Frequently,635,Research & Development,18,1,Medical,286,2.0,Female,73,3,1,Laboratory Technician,4.0,Single,2153.0,7703,1,No,-5,3,1,0,8,2.0,3.0,8.0,1,1,7
40.0,0,Non-Travel,1151,Research & Development,9,5,Life Sciences,287,4.0,Male,63,2,2,Healthcare Representative,4.0,Married,4876.0,14242,9,No,14,3,4,1,5,5.0,1.0,3.0,2,0,2
46.0,0,Travel_Rarely,644,Research & Development,1,4,Medical,288,4.0,Male,97,3,3,Healthcare Representative,1.0,Divorced,9396.0,12368,7,No,16,3,3,1,17,3.0,3.0,4.0,2,0,3
32.0,1,Travel_Rarely,1045,Sales,4,4,Medical,291,4.0,Male,32,1,3,Sales Executive,4.0,Married,4960.0,25812,1,No,11,3,3,0,14,2.0,2.0,14.0,8,9,8
30.0,0,Non-Travel,829,Research & Development,1,1,Life Sciences,292,3.0,Male,88,2,3,Manufacturing Director,3.0,Single,8474.0,20925,1,No,22,4,3,0,12,2.0,3.0,11.0,8,5,8
27.0,0,Travel_Frequently,1242,Sales,20,3,Life Sciences,293,4.0,Female,90,3,2,Sales Executive,3.0,Single,9981.0,12916,1,No,14,3,4,0,7,2.0,3.0,7.0,7,0,7
51.0,0,Travel_Rarely,1469,Research & Development,8,4,Life Sciences,296,2.0,Male,81,2,3,Research Director,2.0,Married,12490.0,15736,5,No,16,3,4,2,16,5.0,3.0,10.0,9,4,7
30.0,1,Travel_Rarely,1005,Research & Development,3,3,Technical Degree,297,4.0,Female,88,3,1,Research Scientist,1.0,Single,2657.0,8556,5,Yes,11,3,3,0,8,5.0,3.0,5.0,2,0,4
41.0,0,Travel_Rarely,896,Sales,6,3,Life Sciences,298,4.0,Female,75,3,3,Manager,4.0,Single,750000.0,14674,3,Yes,18,3,3,0,16,3.0,3.0,1.0,0,0,0
30.0,1,Travel_Frequently,334,Sales,26,4,Marketing,299,3.0,Female,52,2,2,Sales Executive,1.0,Single,6696.0,22967,5,No,15,3,3,0,9,5.0,2.0,6.0,3,0,1
36.0,1,Travel_Rarely,992,Research & Development,1,3,Technical Degree,300,3.0,Male,85,3,1,Research Scientist,3.0,Single,750000.0,19757,0,No,14,3,4,0,7,1.0,2.0,6.0,2,1,5
0.0,0,Non-Travel,1052,Sales,6,3,Medical,302,4.0,Female,57,2,3,sales executive,3.0,Single,4960.0,16840,6,No,12,3,4,0,23,2.0,3.0,19.0,7,12,8
54.0,0,Travel_Rarely,1147,Sales,3,3,Marketing,303,4.0,Female,52,3,2,Sales Executive,1.0,Married,5940.0,17011,2,No,14,3,4,1,16,4.0,3.0,6.0,2,0,5
36.0,0,Travel_Rarely,1396,Research & Development,5,2,Life Sciences,304,4.0,Male,62,3,2,LABORATORY TECHNICIAN,2.0,Single,5914.0,9945,8,No,16,3,4,0,16,3.0,4.0,13.0,11,3,7
33.0,0,Travel_Rarely,147,Research & Development,4,4,Medical,305,3.0,Female,47,2,1,Research Scientist,2.0,Married,2622.0,13248,6,No,21,4,4,0,7,3.0,3.0,3.0,2,1,1
36.0,0,Travel_Frequently,663,Research & Development,11,3,Other,306,2.0,Male,47,3,3,Research Director,4.0,Divorced,12185.0,10056,1,Yes,14,3,3,3,10,3.0,3.0,10.0,8,0,7
38.0,0,Travel_Rarely,119,Sales,3,3,Life Sciences,307,1.0,Male,76,3,3,Sales Executive,3.0,Divorced,10609.0,9647,0,No,12,3,3,2,17,6.0,2.0,16.0,10,5,13
31.0,0,Non-Travel,979,Research & Development,1,4,Medical,308,3.0,Male,90,1,2,Manufacturing Director,3.0,Married,4345.0,4381,0,No,12,3,4,1,6,2.0,3.0,5.0,4,1,4
59.0,0,Travel_Rarely,142,Research & Development,3,3,Life Sciences,309,3.0,Male,70,2,1,Research Scientist,4.0,Married,2177.0,8456,3,No,17,3,1,1,7,6.0,3.0,1.0,0,0,0
37.0,0,Travel_Frequently,319,Sales,4,4,Marketing,311,1.0,Male,41,3,1,Sales Representative,3.0,Divorced,4960.0,2539,4,No,17,3,3,1,13,2.0,3.0,9.0,8,5,8
29.0,0,Travel_Frequently,1413,Sales,1,1,Medical,312,3.0,Female,42,3,3,Sales Executive,4.0,Married,7918.0,6599,1,No,14,3,4,1,11,5.0,3.0,11.0,10,4,1
35.0,0,Travel_Frequently,944,Sales,1,3,Marketing,314,3.0,Female,92,3,3,Sales Executive,3.0,Single,8789.0,9096,1,No,14,3,1,0,10,3.0,4.0,10.0,7,0,8
29.0,1,Travel_Rarely,896,Research & Development,18,1,Medical,315,3.0,Male,86,2,1,Research Scientist,3.0,Single,2389.0,14961,1,Yes,13,3,3,0,4,3.0,2.0,4.0,3,0,1
52.0,0,Travel_Rarely,1323,Research & Development,2,3,Life Sciences,316,3.0,Female,89,2,1,Laboratory Technician,4.0,Single,3212.0,3300,7,No,15,3,2,0,6,3.0,2.0,2.0,2,2,2
42.0,0,Travel_Rarely,532,Research & Development,4,2,Technical Degree,319,3.0,Male,58,3,5,Manager,4.0,Married,19232.0,4933,1,No,11,3,4,0,22,3.0,3.0,22.0,17,11,15
59.0,0,Travel_Rarely,818,Human Resources,6,2,Medical,321,2.0,Male,52,3,1,Human Resources,3.0,Married,2267.0,25657,8,No,17,3,4,0,7,2.0,3.0,2.0,2,2,2
50.0,0,Travel_Rarely,854,Sales,1,4,Medical,323,4.0,Female,68,3,5,Manager,4.0,Divorced,19517.0,24118,3,No,11,3,3,1,32,3.0,2.0,7.0,0,0,6
33.0,1,Travel_Rarely,813,Research & Development,14,3,Medical,325,3.0,Male,58,3,1,Laboratory Technician,4.0,Married,2436.0,22149,5,Yes,13,3,3,1,8,2.0,1.0,5.0,4,0,4
36.0,0,Travel_Rarely,1034,Sales,16,3,Marketing,327,4.0,Female,80,3,4,Manager,4.0,Married,16064.0,7744,5,Yes,-5,4,3,1,22,3.0,3.0,17.0,13,1,9
33.0,1,Travel_Rarely,465,Research & Development,2,2,Life Sciences,328,1.0,Female,39,3,1,Laboratory Technician,3.0,Married,2707.0,21509,7,No,20,4,1,0,13,3.0,4.0,9.0,7,1,7
52.0,0,Non-Travel,771,Sales,2,4,Life Sciences,329,1.0,Male,79,2,5,Manager,3.0,Single,19068.0,21030,1,Yes,18,3,4,0,33,2.0,4.0,33.0,7,15,12
32.0,0,Travel_Rarely,1401,Sales,4,2,Life Sciences,330,3.0,Female,56,3,1,Sales Representative,2.0,Complicated,3931.0,20990,2,No,11,3,1,1,6,5.0,3.0,4.0,3,1,2
32.0,1,Travel_Rarely,515,Research & Development,1,3,Life Sciences,331,4.0,Male,62,2,1,Laboratory Technician,3.0,Single,3730.0,9571,0,Yes,14,3,4,0,4,2.0,1.0,3.0,2,1,2
39.0,0,Travel_Rarely,1431,Research & Development,1,4,Medical,332,3.0,Female,96,3,1,Laboratory Technician,3.0,Divorced,2232.0,15417,7,No,14,3,3,3,7,3.0,3.0,3.0,2,1,2
32.0,0,Non-Travel,976,Sales,26,4,Marketing,333,3.0,Male,100,3,2,Sales Executive,4.0,Married,4465.0,12069,0,No,18,3,1,0,4,2.0,3.0,5.0,2,2,2
36.0,0,Travel_Rarely,1411,Research & Development,19,2,Life Sciences,334,3.0,Male,36,3,2,Research Scientist,1.0,Divorced,3072.0,19877,2,No,16,3,1,2,17,2.0,2.0,5.0,0,0,0
40.0,0,Travel_Rarely,1300,Research & Development,24,2,Technical Degree,335,1.0,Male,62,3,2,Research Scientist,4.0,Divorced,3319.0,24447,1,No,17,3,1,2,9,3.0,3.0,9.0,8,4,7
36.0,0,Travel_Rarely,252,Research & Development,1,3,Other,336,3.0,Male,70,4,5,Manager,4.0,Married,150000.0,15970,0,No,11,3,3,1,25,2.0,3.0,24.0,0,1,7
31.0,0,Travel_Frequently,1327,Research & Development,3,4,Medical,337,2.0,Male,73,3,3,Research Director,3.0,Divorced,13675.0,13523,9,No,12,3,1,1,9,3.0,3.0,2.0,2,2,2
33.0,0,Travel_Rarely,832,Research & Development,5,4,Life Sciences,338,3.0,Female,63,2,1,Research Scientist,4.0,Married,2911.0,14776,1,No,13,3,3,1,2,2.0,2.0,2.0,2,0,2
34.0,0,Travel_Rarely,470,Research & Development,2,4,Life Sciences,339,4.0,Male,84,2,2,Manufacturing Director,1.0,Married,5957.0,23687,6,No,13,3,2,1,13,3.0,3.0,11.0,9,5,9
37.0,0,Travel_Rarely,1017,Research & Development,1,2,Medical,340,3.0,Female,83,2,1,Research Scientist,1.0,Married,3920.0,18697,2,No,14,3,1,1,17,2.0,3.0,3.0,1,0,2
45.0,0,Travel_Frequently,1199,Research & Development,7,4,Life Sciences,341,1.0,Male,77,4,2,Manufacturing Director,3.0,Married,4960.0,5118,4,No,17,3,4,1,9,1.0,3.0,3.0,2,0,2
37.0,1,Travel_Frequently,504,Research & Development,10,3,Medical,342,1.0,Male,61,3,3,Manufacturing Director,3.0,Divorced,10048.0,22573,6,No,11,3,2,2,17,5.0,3.0,1.0,0,0,0
39.0,0,Travel_Frequently,505,Research & Development,2,4,Technical Degree,343,3.0,Female,64,3,3,Healthcare Representative,3.0,Single,10938.0,6420,0,No,25,4,4,0,20,1.0,3.0,19.0,6,11,8
29.0,0,Travel_Rarely,665,Research & Development,15,3,Life Sciences,346,3.0,Male,60,3,1,research scientist,4.0,Single,4960.0,22673,1,No,19,3,1,0,6,1.0,3.0,5.0,5,1,5
42.0,0,Travel_Rarely,916,Research & Development,17,2,Life Sciences,347,3.0,Female,82,4,2,Research Scientist,3.0,Single,6545.0,23016,3,Yes,13,3,3,0,10,1.0,3.0,3.0,2,0,2
29.0,0,Travel_Rarely,1247,Sales,20,2,Marketing,349,4.0,Male,45,3,2,Sales Executive,3.0,Divorced,6931.0,10732,2,No,14,3,4,1,10,2.0,3.0,3.0,2,0,2
25.0,0,Travel_Rarely,685,Research & Development,1,3,Life Sciences,350,1.0,Female,62,3,2,Manufacturing Director,3.0,Married,4898.0,7505,0,No,12,3,4,2,5,3.0,3.0,4.0,2,1,2
42.0,0,Travel_Rarely,269,Research & Development,2,3,Medical,351,3.0,Female,56,2,1,Laboratory Technician,1.0,Divorced,2593.0,8007,0,Yes,11,3,3,1,10,4.0,3.0,9.0,6,7,8
36.0,0,Travel_Rarely,1416,Research & Development,2,2,Medical,352,1.0,Male,49,3,5,Research Director,3.0,Divorced,19436.0,5949,0,No,19,3,4,1,22,5.0,3.0,5.0,7,3,9
36.0,0,Travel_Rarely,833,Research & Development,1,3,Life Sciences,353,3.0,Male,96,3,1,Research Scientist,4.0,Married,2723.0,23231,1,No,11,3,2,0,1,0.0,2.0,1.0,0,0,0
31.0,1,Travel_Frequently,307,Research & Development,29,2,Medical,355,3.0,Male,71,2,1,Laboratory Technician,3.0,Single,3479.0,11652,0,No,11,3,2,0,6,2.0,4.0,5.0,4,1,4
32.0,0,Travel_Frequently,1311,Research & Development,7,3,Life Sciences,359,2.0,Male,100,4,1,Laboratory Technician,2.0,Married,4960.0,26062,1,No,20,4,3,0,5,3.0,1.0,5.0,1,0,3
38.0,0,Non-Travel,1327,Sales,2,2,Life Sciences,361,4.0,Male,39,2,2,Sales Executive,4.0,Married,4960.0,19682,3,No,18,3,4,1,13,0.0,3.0,8.0,7,7,5
32.0,0,Travel_Rarely,128,Research & Development,2,1,Technical Degree,362,4.0,Male,84,2,2,Laboratory Technician,1.0,Single,2176.0,19737,4,No,13,3,4,0,9,5.0,3.0,100.0,2,0,4
46.0,0,Travel_Rarely,488,Sales,2,3,Technical Degree,363,3.0,Female,75,1,4,Manager,2.0,Married,16872.0,14977,3,Yes,12,3,2,1,28,2.0,3.0,7.0,7,7,7
28.0,1,Travel_Rarely,529,Research & Development,2,4,Life Sciences,364,3.0,Male,79,3,1,Laboratory Technician,3.0,Single,3485.0,14935,2,No,11,3,3,0,5,5.0,1.0,0.0,0,0,0
29.0,0,Travel_Rarely,1210,Sales,2,3,Medical,366,1.0,Male,78,2,2,Sales Executive,2.0,Complicated,6644.0,3687,2,No,19,3,2,2,10,2.0,3.0,0.0,0,0,0
31.0,0,Travel_Rarely,1463,Research & Development,23,3,Medical,367,2.0,Male,64,2,2,Healthcare Representative,3.0,Married,5582.0,14408,0,No,21,4,2,1,10,2.0,3.0,9.0,0,7,8
25.0,0,Non-Travel,675,Research & Development,5,2,Life Sciences,369,2.0,Male,85,4,2,Healthcare Representative,1.0,Divorced,4000.0,18384,1,No,12,3,4,2,6,2.0,3.0,6.0,3,1,5
45.0,0,Travel_Rarely,1385,Research & Development,20,2,Medical,372,3.0,Male,79,3,4,Healthcare Representative,3.0,Married,13496.0,7501,0,Yes,14,3,2,0,21,2.0,3.0,20.0,7,4,10
36.0,0,Travel_Rarely,1403,Research & Development,6,3,Life Sciences,373,4.0,Male,47,3,1,Laboratory Technician,4.0,Married,3210.0,20251,0,No,11,3,3,1,16,4.0,3.0,15.0,13,10,11
55.0,0,Travel_Rarely,452,Research & Development,1,3,Medical,374,4.0,Male,81,3,5,Manager,3.0,Single,19045.0,18938,0,Yes,14,3,3,0,37,3.0,3.0,36.0,10,4,13
47.0,1,Non-Travel,666,Research & Development,29,4,Life Sciences,376,3.0,Male,88,3,3,Manager,2.0,Married,11849.0,10268,1,Yes,12,3,4,1,10,2.0,2.0,10.0,7,9,9
28.0,0,Travel_Rarely,1158,Research & Development,9,3,Medical,377,4.0,Male,94,3,1,research scientist,4.0,Married,2070.0,2613,1,No,23,4,4,1,5,3.0,2.0,5.0,2,0,4
37.0,0,Travel_Rarely,228,Sales,6,4,Medical,378,3.0,Male,98,3,2,Sales Executive,4.0,Married,6502.0,22825,4,No,14,3,2,1,7,5.0,4.0,5.0,4,0,1
1.0,0,Travel_Rarely ,996,Research & Development,3,2,Medical,379,4.0,Male,100,2,1,Research Scientist,3.0,Single,3230.0,10531,1,No,17,3,1,0,3,3.0,4.0,3.0,2,1,0
37.0,0,Non-Travel,728,Research & Development,1,4,Medical,380,1.0,Female,80,3,3,Research Director,4.0,Divorced,13603.0,11677,2,Yes,18,3,1,2,15,2.0,3.0,5.0,2,0,2
36.0,0,Travel_Rarely,1315,Research & Development,22,3,Life Sciences,381,2.0,Female,71,4,3,Manager,3.0,Divorced,11996.0,19100,7,No,18,3,2,1,10,6.0,2.0,5.0,7,6,2
38.0,0,Travel_Rarely,322,Sales,7,2,Medical,382,1.0,Female,44,4,2,Sales Executive,1.0,Divorced,5605.0,19191,1,Yes,24,4,3,1,8,3.0,3.0,8.0,0,7,7
26.0,0,Travel_Frequently,1479,Research & Development,1,3,Life Sciences,384,3.0,Female,84,3,2,Manufacturing Director,2.0,Divorced,6397.0,26767,1,No,20,4,1,1,6,6.0,1.0,6.0,5,1,4
50.0,0,Travel_Rarely,797,Research & Development,4,1,Life Sciences,385,1.0,Male,96,3,5,Research Director,2.0,Divorced,19144.0,15815,3,No,14,3,1,2,28,4.0,2.0,10.0,4,1,6
53.0,0,Travel_Rarely,1070,Research & Development,3,4,Medical,386,3.0,Male,45,3,4,Research Director,3.0,Married,17584.0,21016,3,Yes,16,3,4,3,21,5.0,2.0,5.0,3,1,3
42.0,0,Travel_Rarely,635,Sales,1,1,Life Sciences,387,2.0,Male,99,3,2,Sales Executive,3.0,Married,4907.0,24532,1,No,25,4,3,0,20,3.0,3.0,20.0,16,11,6
29.0,0,Travel_Frequently,442,Sales,2,2,Life Sciences,388,3.0,Male,44,3,2,Sales Executive,4.0,Single,4554.0,20260,1,No,18,3,1,0,10,3.0,2.0,10.0,7,0,9
55.0,0,Travel_Rarely,147,Research & Development,20,2,Technical Degree,389,2.0,Male,37,3,2,Laboratory Technician,4.0,Married,5415.0,15972,3,Yes,19,3,4,1,12,4.0,3.0,10.0,7,0,8
26.0,0,Travel_Frequently,496,Research & Development,11,2,Medical,390,1.0,Male,60,3,2,Healthcare Representative,1.0,Married,4741.0,22722,1,Yes,13,3,3,1,5,3.0,3.0,5.0,3,3,3
37.0,0,Travel_Rarely,1372,Research & Development,1,3,Life Sciences,391,4.0,Female,42,3,1,Research Scientist,4.0,Single,2115.0,15881,1,No,12,3,2,0,17,3.0,3.0,17.0,12,5,7
44.0,1,Travel_Frequently,920,Research & Development,24,3,Life Sciences,392,4.0,Male,43,3,1,Laboratory Technician,3.0,Divorced,3161.0,19920,3,Yes,22,4,4,1,19,0.0,1.0,1.0,0,0,0
38.0,0,Travel_Rarely,688,Research & Development,23,4,Life Sciences,393,4.0,Male,82,3,2,Healthcare Representative,4.0,Divorced,5745.0,18899,9,No,14,3,2,1,10,2.0,3.0,2.0,2,1,2
26.0,1,Travel_Rarely,1449,Research & Development,16,4,Medical,394,1.0,Male,45,3,1,Laboratory Technician,2.0,Divorced,2373.0,14180,2,Yes,13,3,4,1,5,2.0,3.0,3.0,2,0,2
28.0,0,Travel_Rarely,1117,Research & Development,8,2,Life Sciences,395,4.0,Female,66,3,1,Research Scientist,4.0,Single,3310.0,4488,1,No,21,4,4,0,5,3.0,3.0,5.0,3,0,2
49.0,0,Travel_Frequently,636,Research & Development,10,4,Life Sciences,396,3.0,Female,35,3,5,Research Director,1.0,Single,18665.0,25594,9,Yes,11,3,4,0,22,4.0,3.0,3.0,2,1,2
36.0,0,Travel_Rarely,506,Research & Development,3,3,Technical Degree,397,3.0,Male,30,3,2,Research Scientist,2.0,Single,4485.0,26285,4,No,12,3,4,0,10,2.0,3.0,8.0,0,7,7
31.0,0,Travel_Frequently,444,Sales,5,3,Marketing,399,4.0,Female,84,3,1,Sales Representative,2.0,Divorced,2789.0,3909,1,No,11,3,3,1,2,3.0,2.0,5.0,2,2,2
26.0,1,Travel_Rarely,950,Sales,4,4,Marketing,401,4.0,Male,48,2,2,Sales Executive,4.0,Single,999999.0,8450,1,Yes,12,3,2,0,8,0.0,3.0,5.0,7,7,4
37.0,0,Travel_Frequently,889,Research & Development,9,3,Medical,403,2.0,Male,53,3,1,Research Scientist,4.0,Married,2326.0,11411,1,Yes,12,3,3,3,4,3.0,2.0,4.0,2,1,2
42.0,0,Travel_Frequently,555,Sales,26,3,Marketing,404,3.0,Female,77,3,4,Sales Executive,2.0,Married,13525.0,14864,5,No,14,3,4,1,23,3.0,4.0,20.0,4,4,8
18.0,1,Travel_Rarely,230,Research & Development,3,3,Life Sciences,405,3.0,Male,54,3,1,Laboratory Technician,3.0,Single,1420.0,25233,1,No,13,3,3,0,0,2.0,3.0,0.0,0,0,0
35.0,0,Travel_Rarely,1232,Sales,16,3,Marketing,406,3.0,Male,96,3,3,Sales Executive,3.0,Married,4960.0,5100,0,No,15,3,3,2,12,3.0,2.0,11.0,9,6,9
36.0,0,Travel_Frequently,566,Research & Development,18,4,Life Sciences,407,3.0,Male,81,4,1,Laboratory Technician,4.0,Married,3688.0,7122,4,No,18,3,4,2,4,2.0,3.0,1.0,0,0,0
51.0,0,Travel_Rarely,1302,Research & Development,2,3,Medical,408,3.0,Male,84,1,2,Manufacturing Director,3.0,Divorced,5482.0,16321,5,No,18,3,4,1,13,3.0,3.0,4.0,1,1,2
41.0,0,Travel_Rarely,334,Sales,2,4,Life Sciences,410,4.0,Male,88,3,4,Manager,2.0,Single,16015.0,15896,1,No,19,3,2,0,22,2.0,3.0,5.0,10,0,4
18.0,0, Travel_Rarely,812,SALES,10,3,Medical,411,4.0,Female,69,2,1,Sales Representative,3.0,Complicated,1200.0,9724,1,No,12,3,1,0,0,2.0,3.0,0.0,0,0,0
28.0,0,Travel_Rarely,1476,Research & Development,16,2,Medical,412,2.0,Unknown,68,4,2,Healthcare Representative,1.0,Single,5661.0,4824,0,No,19,3,3,0,9,3.0,3.0,8.0,3,0,7
31.0,0,Travel_Rarely,218,Sales,7,3,Technical Degree,416,2.0,Male,100,4,2,Sales Executive,4.0,Married,6929.0,12241,4,No,11,3,2,1,10,3.0,2.0,8.0,7,7,7
39.0,0,Travel_Rarely,1132,Research & Development,1,3,Medical,417,3.0,Male,48,4,3,Healthcare Representative,4.0,Divorced,500000.0,10942,0,No,17,3,1,3,19,5.0,3.0,5.0,10,3,7
36.0,0,Non-Travel,1105,Research & Development,24,4,Life Sciences,419,2.0,Female,47,3,2,Laboratory Technician,2.0,Married,5674.0,6927,7,No,15,3,3,1,11,3.0,3.0,9.0,8,0,8
32.0,0,Travel_Rarely,906,Sales,7,3,Life Sciences,420,4.0,Male,91,2,2,Sales Executive,3.0,Married,5484.0,16985,1,No,14,3,3,1,13,3.0,2.0,13.0,8,4,8
38.0,0,Travel_Rarely,849,Research & Development,25,2,Life Sciences,421,1.0,Female,81,2,3,Research Director,2.0,Married,12061.0,26707,3,No,17,3,3,1,19,2.0,3.0,10.0,8,0,1
58.0,0,Non-Travel,390,Research & Development,1,4,Life Sciences,422,4.0,Male,32,1,2,Healthcare Representative,3.0,Divorced,4960.0,17056,2,Yes,13,3,4,1,12,2.0,3.0,5.0,3,1,2
31.0,0,Travel_Rarely,691,Research & Development,5,4,Technical Degree,423,3.0,Male,86,3,1,Research Scientist,4.0,Married,4821.0,10077,0,Yes,12,3,3,1,6,4.0,3.0,5.0,2,0,3
31.0,0,Travel_Rarely,106,Human Resources,2,3,Human Resources,424,1.0,Male,62,2,2,Human Resources,1.0,Married,4960.0,17822,3,No,12,3,4,0,9,1.0,3.0,2.0,2,1,0
45.0,0,Travel_Frequently,1249,Research & Development,7,3,Life Sciences,425,1.0,Male,97,3,3,Laboratory Technician,1.0,Divorced,5210.0,20308,1,No,18,3,1,1,24,2.0,3.0,24.0,9,9,11
31.0,0,Travel_Rarely,192,Research & Development,2,4,Life Sciences,426,3.0,Male,32,3,1,Research Scientist,4.0,Divorced,2695.0,7747,0,Yes,18,3,2,1,3,2.0,1.0,2.0,2,2,2
33.0,0,Travel_Frequently,553,Research & Development,5,4,Life Sciences,428,4.0,Female,74,3,3,Manager,2.0,Married,11878.0,23364,6,No,11,3,2,2,12,2.0,3.0,10.0,6,8,8
39.0,0,Travel_Rarely,117,Research & Development,10,1,Medical,429,3.0,Male,99,3,4,Manager,1.0,Married,4960.0,5355,1,Yes,14,3,4,0,21,3.0,3.0,21.0,9,11,10
43.0,0,Travel_Frequently,185,Research & Development,10,4,Life Sciences,430,3.0,Female,33,3,1,Laboratory Technician,4.0,Single,2455.0,10675,0,No,19,3,1,0,9,5.0,3.0,8.0,7,1,7
49.0,0,Travel_Rarely,1091,Research & Development,1,2,Technical Degree,431,3.0,Female,90,2,4,Healthcare Representative,3.0,Single,4960.0,17810,7,Yes,12,3,4,0,25,2.0,3.0,7.0,1,0,7
52.0,1,Travel_Rarely,723,Research & Development,8,4,Medical,433,3.0,Unknown,85,2,2,Research Scientist,2.0,Married,4941.0,17747,2,No,15,3,1,0,11,3.0,2.0,8.0,2,7,7
27.0,0,Travel_Rarely,1220,Research & Development,5,3,Life Sciences,434,3.0,Female,85,3,1,Research Scientist,2.0,Single,4960.0,20938,1,Yes,12,3,2,0,4,2.0,2.0,4.0,3,1,2
32.0,0,Travel_Rarely,588,Sales,8,2,Technical Degree,436,3.0,Female,65,2,2,Sales Executive,2.0,Married,4960.0,24624,1,Yes,11,3,4,0,13,2.0,3.0,5.0,12,11,9
27.0,0,Travel_Rarely,1377,Sales,2,3,Life Sciences,437,4.0,Male,74,3,2,Sales Executive,3.0,Single,4960.0,5242,1,Yes,11,3,1,0,5,3.0,3.0,5.0,4,0,4
36.0,0,Travel_Rarely,691,Sales,7,3,Marketing,438,4.0,Male,73,3,2,Sales Executive,4.0,Divorced,7547.0,7143,4,No,12,3,4,3,13,3.0,3.0,7.0,7,1,7
32.0,0,Travel_Rarely,1018,Research & Development,2,4,Medical,439,1.0,Female,74,4,2,Research Scientist,4.0,Single,5055.0,10557,7,No,16,3,3,0,10,0.0,2.0,7.0,7,0,7
99.0,1,Travel_Rarely,1157,Research & Development,2,4,Medical,440,1.0,Male,84,1,1,Research Scientist,3.0,Married,3464.0,24737,5,Yes,13,3,4,0,5,4.0,2.0,3.0,2,2,2
30.0,0,Travel_Rarely,1275,Research & Development,28,2,Medical,441,4.0,Female,64,3,2,Research Scientist,4.0,Married,5775.0,11934,1,No,13,3,4,2,11,2.0,3.0,5.0,8,1,9
31.0,0,Travel_Frequently,798,Research & Development,7,2,Life Sciences,442,3.0,Female,48,2,3,Manufacturing Director,3.0,Married,8943.0,14034,1,No,24,4,1,1,10,3.0,3.0,10.0,9,8,9
39.0,0,Travel_Frequently,672,Research & Development,7,2,Medical,444,3.0,Male,54,2,5,Manager,4.0,Married,19272.0,21141,1,No,15,3,1,1,21,2.0,3.0,21.0,9,13,3
39.0,1,Travel_Rarely,1162,Sales,3,2,Medical,445,4.0,Female,41,3,2,Sales Executive,3.0,Married,5238.0,17778,4,Yes,18,3,1,0,12,3.0,2.0,1.0,0,0,0
33.0,0,Travel_Frequently,508,Sales,10,3,Marketing,446,2.0,Male,46,2,2,Sales Executive,4.0,Single,4682.0,4317,3,No,14,3,3,0,9,6.0,2.0,7.0,7,0,1
47.0,0,Travel_Rarely,1482,Research & Development,5,5,Life Sciences,447,4.0,Male,42,3,5,Research Director,3.0,Married,18300.0,16375,4,No,11,3,2,1,21,2.0,3.0,3.0,2,1,1
43.0,0,Travel_Frequently,559,Research & Development,10,4,Life Sciences,448,3.0,Female,82,2,2,Laboratory Technician,3.0,Divorced,5257.0,6227,1,No,11,3,2,1,9,3.0,4.0,9.0,7,0,0
27.0,0,Non-Travel,210,Sales,1,1,Marketing,449,3.0,Male,73,3,2,Sales Executive,2.0,Married,6349.0,22107,0,Yes,13,3,4,1,6,0.0,3.0,5.0,4,1,4
54.0,0,Travel_Frequently,928,Research & Development,20,4,Life Sciences,450,4.0,Female,31,3,2,Research Scientist,3.0,Single,4960.0,16885,3,No,12,3,4,0,20,4.0,2.0,4.0,3,0,3
43.0,0,Travel_Rarely,1001,Research & Development,7,3,Life Sciences,451,3.0,Female,43,3,3,Healthcare Representative,1.0,Married,9985.0,9262,8,No,16,3,1,1,10,1.0,2.0,1.0,0,0,0
45.0,0,Travel_Rarely ,549,Research & Development,8,4,Other,452,4.0,Male,75,3,2,Research Scientist,4.0,Married,3697.0,9278,9,No,14,3,1,2,12,3.0,3.0,10.0,9,9,8
36.0,0,Travel_Rarely,1124,Sales,1,2,Medical,453,2.0,Male,57,1,2,Sales Executive,4.0,Married,7457.0,13273,2,Yes,22,4,3,3,6,2.0,2.0,4.0,3,0,2
29.0,1,Travel_Rarely,318,Research & Development,8,4,Other,454,2.0,Male,77,1,1,Laboratory Technician,1.0,Married,2119.0,4759,1,Yes,11,3,4,0,7,4.0,2.0,7.0,7,0,7
29.0,0,Travel_Rarely,738,Research & Development,9,5,Other,455,2.0,Male,30,2,1,Laboratory Technician,4.0,Single,3983.0,7621,0,No,17,3,3,0,4,2.0,3.0,100.0,2,2,2
30.0,0,Travel_Rarely,570,Sales,5,3,Marketing,456,4.0,Female,30,2,2,Sales Executive,3.0,Divorced,6118.0,5431,1,No,13,3,3,3,10,2.0,3.0,10.0,9,1,2
27.0,0,Travel_Rarely,1130,Sales,8,4,Marketing,458,2.0,Female,56,3,2,Sales Executive,2.0,Married,6214.0,3415,1,No,18,3,1,1,8,3.0,3.0,8.0,7,0,7
37.0,0,Travel_Rarely,1192,Research & Development,5,2,Medical,460,4.0,Male,61,3,2,MANUFACTURING DIRECTOR,4.0,Divorced,6347.0,23177,7,No,16,3,3,2,8,2.0,2.0,6.0,2,0,4
38.0,0,Travel_Rarely,343,Research & Development,15,2,Life Sciences,461,3.0,Male,92,2,3,Research Director,4.0,Divorced,11510.0,15682,0,Yes,14,3,2,1,12,3.0,3.0,11.0,10,2,9
36.0,0,Travel_Rarely,1232,Research & Development,7,4,Medical,462,3.0,Female,39,3,3,Manufacturing Director,4.0,Single,7143.0,25713,1,Yes,-5,3,3,0,11,2.0,2.0,11.0,9,4,10
36.0,0,Travel_Rarely,144,Sales,10,1,Marketing,463,4.0,Female,39,2,2,Sales Executive,2.0,Divorced,8268.0,11866,1,Yes,14,3,1,2,7,2.0,3.0,7.0,7,1,7
35.0,0,Travel_Rarely,1296,Research & Development,5,4,Technical Degree,464,3.0,Male,62,3,3,Manufacturing Director,2.0,Single,8095.0,18264,0,No,13,3,4,0,17,5.0,3.0,16.0,6,0,13
23.0,0,Travel_Rarely,1309,Research & Development,26,1,Life Sciences,465,3.0,Male,83,3,1,Research Scientist,4.0,Divorced,2904.0,16092,1,No,12,3,3,2,4,2.0,2.0,4.0,2,0,2
41.0,0,Travel_Rarely,483,Research & Development,6,3,Medical,466,4.0,Male,95,2,2,Manufacturing Director,2.0,Single,6032.0,10110,6,Yes,15,3,4,0,8,3.0,3.0,5.0,4,1,2
47.0,0,Travel_Frequently,1309,Sales,4,1,Medical,467,2.0,Male,99,3,2,Sales Representative,3.0,Single,2976.0,25751,3,No,19,3,1,0,5,3.0,3.0,0.0,0,0,0
42.0,0,Travel_Rarely,810,Research & Development,23,5,Life Sciences,468,1.0,Female,44,3,4,Research Director,4.0,Single,15992.0,15901,2,No,14,3,2,0,16,2.0,3.0,1.0,0,0,0
29.0,0,Non-Travel,746,Sales,2,3,Life Sciences,469,4.0,Male,61,3,2,Sales Executive,3.0,Married,4649.0,16928,1,No,14,3,1,1,4,3.0,2.0,4.0,3,0,2
42.0,0,Travel_Rarely ,544,Human Resources,2,1,Technical Degree,470,3.0,Male,52,3,1,Human Resources,3.0,Divorced,2696.0,24017,0,Yes,11,3,3,1,4,5.0,3.0,5.0,2,1,0
32.0,0,Travel_Rarely,1062,Research & Development,2,3,Medical,471,3.0,Female,75,3,1,Laboratory Technician,2.0,Married,2370.0,3956,1,No,13,3,3,1,8,4.0,3.0,8.0,0,0,7
48.0,0,Travel_Rarely,530,Sales,29,1,Medical,473,1.0,Female,91,3,3,Manager,3.0,Married,4960.0,23978,3,No,21,4,2,1,15,3.0,3.0,0.0,0,0,0
37.0,0,Travel_Rarely,1319,Research & Development,6,3,Medical,474,3.0,Male,51,4,2,Research Scientist,1.0,Divorced,5974.0,17001,4,Yes,13,3,1,2,13,2.0,3.0,7.0,7,6,7
30.0,0,Non-Travel,641,Sales,25,2,Technical Degree,475,4.0,Female,85,3,2,Sales Executive,3.0,Married,4736.0,6069,7,Yes,12,3,2,1,4,2.0,4.0,5.0,2,2,2
26.0,0,Travel_Rarely,933,Sales,1,3,Life Sciences,476,3.0,Male,57,3,2,Sales Executive,3.0,Complicated,5296.0,20156,1,No,17,3,2,1,8,3.0,3.0,90.0,7,7,7
42.0,0,Travel_Rarely,1332,Research & Development,2,4,Other,477,1.0,Male,98,2,2,Healthcare Representative,4.0,Single,4960.0,17078,3,No,23,4,2,0,14,3.0,3.0,1.0,0,0,0
21.0,1,Travel_Frequently,756,Sales,1,1,Technical Degree,478,1.0,Female,99,2,1,Sales Representative,2.0,Single,2174.0,9150,1,Yes,11,3,3,0,3,3.0,3.0,3.0,2,1,2
36.0,0,Non-Travel,845,Sales,1,5,Medical,479,4.0,Female,45,3,2,Sales Executive,4.0,Single,6653.0,15276,4,No,15,3,2,0,7,6.0,3.0,1.0,0,0,0
36.0,0,Travel_Frequently,541,Sales,3,4,Medical,481,1.0,Male,48,2,3,Sales Executive,4.0,Married,9699.0,7246,4,No,11,3,1,1,16,2.0,3.0,13.0,9,1,12
57.0,0,Travel_Rarely,593,Research & Development,1,4,Medical,482,4.0,Male,88,3,2,Healthcare Representative,3.0,Married,6755.0,2967,2,No,11,3,3,0,15,2.0,3.0,3.0,2,1,2
40.0,0,Travel_Rarely,1171,Research & Development,10,4,Life Sciences,483,4.0,Female,46,4,1,Laboratory Technician,3.0,Married,2213.0,22495,3,Yes,13,3,3,1,10,3.0,3.0,7.0,7,1,7
21.0,0,Non-Travel,895,Sales,9,2,Medical,484,1.0,Male,39,3,1,Sales Representative,4.0,Single,2610.0,2851,1,No,24,4,3,0,3,3.0,2.0,3.0,2,2,2
33.0,1,Travel_Rarely,350,Sales,5,3,Marketing,485,4.0,Female,34,3,1,Sales Representative,3.0,Single,2851.0,9150,1,Yes,13,3,2,0,1,2.0,3.0,1.0,0,0,0
36.0,0,Travel_Rarely,921,Research & Development,10,3,Medical,486,3.0,Female,98,3,1,Laboratory Technician,1.0,Married,3452.0,17663,6,No,20,4,2,1,17,3.0,3.0,5.0,4,0,3
46.0,0, Non-Travel,1144,Research & Development,7,4,Medical,487,3.0,Female,30,3,2,Manufacturing Director,3.0,Married,5258.0,16044,2,No,14,3,3,0,7,2.0,4.0,1.0,0,0,0
41.0,1,Travel_Frequently,143,Sales,4,3,Marketing,488,1.0,Male,56,3,2,Sales Executive,2.0,Single,9355.0,9558,1,No,18,3,3,0,8,5.0,3.0,8.0,7,7,7
50.0,0,Travel_Rarely,1046,Research & Development,10,3,Technical Degree,491,4.0,Male,100,2,3,Healthcare Representative,4.0,Single,10496.0,2755,6,No,15,3,4,0,20,2.0,3.0,4.0,3,1,3
40.0,1,Travel_Rarely,575,Sales,22,2,Marketing,492,3.0,Male,68,2,2,Sales Executive,3.0,Married,6380.0,6110,2,Yes,12,3,1,2,8,6.0,3.0,6.0,4,1,0
31.0,0,Travel_Rarely,408,Research & Development,9,4,Life Sciences,493,3.0,Male,42,2,1,Research Scientist,2.0,Single,2657.0,7551,0,Yes,16,3,4,0,3,5.0,3.0,2.0,2,2,2
21.0,1,Travel_Rarely,156,Sales,12,3,Life Sciences,494,3.0,Female,90,4,1,Sales Representative,2.0,Single,2716.0,25422,1,No,15,3,4,0,1,0.0,3.0,1.0,0,0,0
36.0,0,Travel_Rarely,1283,Research & Development,23,3,Life Sciences,495,4.0,Male,54,3,1,Research Scientist,3.0,Single,2201.0,18168,9,No,16,3,4,0,6,4.0,3.0,3.0,2,1,2
35.0,0,Travel_Rarely,755,Research & Development,9,4,Life Sciences,496,3.0,Male,97,2,2,Healthcare Representative,3.0,Single,6540.0,19394,9,No,19,3,3,0,10,5.0,3.0,1.0,1,0,0
27.0,0,Travel_Rarely,1469,Research & Development,1,2,Medical,497,4.0,Male,82,3,1,Laboratory Technician,2.0,Divorced,3816.0,17881,1,No,11,3,2,1,5,2.0,3.0,5.0,2,0,4
28.0,0,Travel_Rarely,304,Sales,9,4,Life Sciences,498,3.0,Male,92,3,2,Sales Executive,4.0,Single,5253.0,20750,1,No,16,3,4,0,7,1.0,3.0,7.0,5,0,7
49.0,0,Travel_Rarely,1261,Research & Development,7,3,Other,499,2.0,Male,31,2,3,healthcare representative,3.0,Single,10965.0,12066,8,No,24,4,3,0,26,2.0,3.0,5.0,2,0,0
51.0,0,Travel_Rarely,1178,Sales,14,2,Life Sciences,500,3.0,Female,87,3,2,Sales Executive,4.0,Married,4936.0,14862,4,No,11,3,3,1,18,2.0,2.0,7.0,7,0,7
36.0,0,Travel_Rarely,329,Research & Development,2,3,Life Sciences,501,4.0,Female,96,3,1,Research Scientist,3.0,Married,2543.0,11868,4,No,13,3,2,1,6,3.0,3.0,5.0,2,2,2
34.0,1,Non-Travel,1362,Sales,19,3,Marketing,502,1.0,Male,67,4,2,Sales Executive,4.0,Single,5304.0,4652,8,Yes,13,3,2,0,9,3.0,2.0,5.0,2,0,4
55.0,0,Travel_Rarely,1311,Research & Development,2,3,Life Sciences,505,3.0,Female,97,3,4,Manager,4.0,Single,16659.0,23258,2,Yes,13,3,3,0,30,2.0,3.0,5.0,4,1,2
24.0,0,Travel_Rarely,1371,Sales,10,4,Marketing,507,4.0,Female,77,3,2,Sales Executive,3.0,Divorced,750000.0,5915,1,Yes,12,3,4,1,5,2.0,4.0,5.0,2,0,3
30.0,0,Travel_Rarely,202,Sales,2,1,Technical Degree,508,3.0,Male,72,3,1,Sales Representative,2.0,Married,2476.0,17434,1,No,18,3,1,1,1,3.0,3.0,1.0,0,0,0
26.0,1,Travel_Frequently,575,Research & Development,3,1,Technical Degree,510,3.0,Male,73,3,1,Research Scientist,1.0,Single,3102.0,6582,0,No,22,4,3,0,7,2.0,3.0,5.0,4,0,4
22.0,0,Travel_Rarely,253,Research & Development,11,3,Medical,511,1.0,Female,43,3,1,Research Scientist,2.0,Married,2244.0,24440,1,No,13,3,4,1,2,1.0,3.0,100.0,1,1,2
36.0,0,Travel_Rarely,164,Sales,2,2,Medical,513,2.0,Male,61,2,3,Sales Executive,3.0,Married,4960.0,3809,1,No,13,3,2,2,10,2.0,3.0,10.0,9,9,0
30.0,1,Travel_Frequently,464,Research & Development,4,3,Technical Degree,514,3.0,Male,40,3,1,Research Scientist,4.0,Complicated,4960.0,3427,9,Yes,23,4,3,0,3,4.0,3.0,1.0,0,0,0
37.0,0,Travel_Rarely,1107,Research & Development,14,3,Life Sciences,515,4.0,Female,95,3,1,Laboratory Technician,1.0,Divorced,3034.0,26914,1,No,12,3,3,1,18,2.0,3.0,18.0,7,12,17
40.0,0,Travel_Rarely,759,Sales,2,2,Marketing,516,4.0,Female,46,3,2,Sales Executive,2.0,Divorced,5715.0,22553,7,No,12,3,3,2,8,5.0,3.0,5.0,4,1,3
42.0,0,Travel_Rarely,201,Research & Development,1,4,Life Sciences,517,2.0,Female,95,3,1,Laboratory Technician,1.0,Divorced,4960.0,20490,3,No,16,3,2,1,8,5.0,3.0,5.0,2,1,2
37.0,0,Travel_Rarely,1305,Research & Development,10,4,Life Sciences,518,3.0,Male,49,3,2,Manufacturing Director,2.0,Other,4197.0,21123,2,Yes,12,3,4,0,18,2.0,2.0,1.0,0,0,1
36.0,0,Travel_Rarely,982,Research & Development,12,3,Life Sciences,520,1.0,Male,59,2,4,Research Director,2.0,Divorced,14336.0,4345,1,No,11,3,3,1,25,3.0,3.0,25.0,10,3,9
40.0,0,Travel_Rarely,555,Research & Development,2,3,Medical,521,2.0,Female,78,2,2,Laboratory Technician,3.0,Married,3448.0,13436,6,No,22,4,2,1,20,3.0,3.0,1.0,0,0,0
54.0,0,Travel_Rarely,821,Research & Development,5,2,Medical,522,1.0,Male,86,3,5,Research Director,1.0,Married,19406.0,8509,4,No,11,3,3,1,24,4.0,2.0,4.0,2,1,2
34.0,0,Non-Travel,1381,Sales,4,4,Marketing,523,3.0,Female,72,3,2,Sales Executive,3.0,Married,6538.0,12740,9,No,15,3,1,1,6,3.0,3.0,5.0,2,1,2
31.0,0,Travel_Rarely,480,Research & Development,7,2,Medical,524,2.0,Female,31,3,2,Manufacturing Director,1.0,Married,4306.0,4156,1,No,12,3,2,1,13,5.0,1.0,13.0,10,3,12
43.0,0,Travel_Frequently,313,Research & Development,21,3,Medical,525,4.0,Male,61,3,1,Laboratory Technician,4.0,Married,2258.0,15238,7,No,20,4,1,1,8,1.0,3.0,3.0,2,1,2
43.0,0,Travel_Rarely,1473,Research & Development,8,4,Other,526,3.0,Female,74,3,2,Healthcare Representative,3.0,Divorced,4522.0,2227,4,Yes,14,3,4,0,8,3.0,3.0,5.0,2,0,2
25.0,0,Travel_Rarely,891,Sales,4,2,Life Sciences,527,2.0,Female,99,2,2,Sales Executive,4.0,Single,4487.0,12090,1,Yes,11,3,2,0,5,3.0,3.0,5.0,4,1,3
37.0,0,Non-Travel,1063,Research & Development,25,5,Medical,529,2.0,Female,72,3,2,Research Scientist,3.0,Married,4449.0,23866,3,Yes,15,3,1,2,15,2.0,3.0,75.0,11,10,7
31.0,0,Travel_Rarely,329,Research & Development,1,2,Life Sciences,530,4.0,Male,98,2,1,Laboratory Technician,1.0,Married,2218.0,16193,1,No,12,3,3,1,4,3.0,3.0,4.0,2,3,2
39.0,0,Travel_Frequently,1218,Research & Development,1,1,Life Sciences,531,2.0,Male,52,3,5,Manager,3.0,Divorced,19197.0,8213,1,Yes,14,3,3,1,21,3.0,3.0,21.0,8,1,6
56.0,0,Travel_Frequently,906,Sales,6,3,Life Sciences,532,3.0,Female,86,4,4,Sales Executive,1.0,Married,-5000.0,18256,9,No,11,3,4,3,36,0.0,2.0,7.0,7,7,7
30.0,0,Travel_Rarely,1082,Sales,12,3,Technical Degree,533,2.0,Female,83,3,2,Sales Executive,3.0,Single,6577.0,19558,0,No,11,3,2,0,6,6.0,3.0,5.0,4,4,4
41.0,0,Travel_Rarely,645,Sales,1,3,Marketing,534,2.0,Male,49,4,3,Sales Executive,1.0,Married,8392.0,19566,1,No,16,3,3,1,10,2.0,3.0,10.0,7,0,7
28.0,0,Travel_Rarely,1300,Research & Development,17,2,Medical,536,3.0,Male,79,3,2,Laboratory Technician,1.0,Divorced,4558.0,13535,1,No,12,3,4,1,10,2.0,3.0,5.0,0,1,8
25.0,1,Travel_Rarely,688,Research & Development,-20,3,Medical,538,1.0,Male,91,3,1,Laboratory Technician,1.0,Married,4031.0,9396,5,No,13,3,3,1,6,5.0,3.0,2.0,2,0,2
52.0,0,Travel_Rarely,319,Research & Development,3,3,Medical,543,4.0,Male,39,2,3,Manufacturing Director,3.0,Married,7969.0,19609,2,Yes,14,3,3,0,28,4.0,3.0,5.0,4,0,4
45.0,0,Travel_Rarely,192,Research & Development,10,2,Life Sciences,544,3.0,Male,69,3,1,Research Scientist,4.0,Married,2654.0,9655,3,No,21,4,4,2,8,3.0,2.0,2.0,2,0,2
52.0,0,Travel_Rarely,1490,Research & Development,4,2,Life Sciences,546,4.0,Female,30,3,4,Manager,4.0,Married,16555.0,10310,2,No,13,3,4,0,31,2.0,1.0,5.0,2,1,4
42.0,0,Travel_Frequently,532,Research & Development,29,2,Life Sciences,547,1.0,Female,92,3,2,Research Scientist,3.0,Divorced,4556.0,12932,2,No,11,3,2,1,19,3.0,3.0,5.0,4,0,2
30.0,0,Travel_Rarely,317,Research & Development,2,3,Life Sciences,548,3.0,Female,43,1,2,Manufacturing Director,4.0,Single,6091.0,24793,2,No,20,4,3,0,11,2.0,3.0,5.0,4,0,2
60.0,0,Travel_Rarely,422,Research & Development,7,3,Life Sciences,549,1.0,Female,41,3,5,Manager,1.0,Married,19566.0,3854,5,No,11,3,4,0,33,5.0,1.0,29.0,8,11,10
46.0,0,Travel_Rarely,1485,Research & Development,18,3,Medical,550,3.0,Female,87,3,2,Manufacturing Director,3.0,Divorced,4810.0,26314,2,No,14,3,3,1,19,5.0,2.0,10.0,7,0,8
42.0,0,Travel_Frequently,1368,Research & Development,28,4,Technical Degree,551,4.0,Female,88,2,2,Healthcare Representative,4.0,Married,4523.0,4386,0,No,11,3,4,3,7,4.0,4.0,6.0,5,0,4
24.0,1,Travel_Rarely,1448,Sales,1,1,Technical Degree,554,1.0,Female,62,3,1,Sales Representative,2.0,Single,3202.0,21972,1,Yes,16,3,2,0,6,4.0,3.0,5.0,3,1,4
34.0,1,Travel_Frequently,296,Sales,6,2,Marketing,555,4.0,Female,33,1,1,Sales Representative,3.0,Divorced,2351.0,12253,0,No,16,3,4,1,3,3.0,2.0,2.0,2,1,0
38.0,0,Travel_Frequently,1490,Research & Development,2,2,Life Sciences,556,4.0,Male,42,3,1,laboratory technician,4.0,Married,1702.0,12106,1,Yes,23,4,3,1,1,3.0,3.0,1.0,0,0,0
40.0,0,Travel_Rarely,1398,Sales,2,4,Life Sciences,558,3.0,Female,79,3,5,Manager,3.0,Married,500000.0,13022,0,No,14,3,4,0,21,2.0,3.0,20.0,15,1,12
26.0,0,Travel_Rarely,1349,Research & Development,23,3,Life Sciences,560,1.0,Female,90,3,1,Research Scientist,4.0,Divorced,2886.0,3032,1,No,22,4,2,2,3,3.0,1.0,3.0,2,0,2
30.0,0,Non-Travel,1400,Research & Development,3,3,Life Sciences,562,3.0,Male,53,3,1,Laboratory Technician,3.0,Married,2097.0,16734,4,No,15,3,3,1,9,3.0,1.0,5.0,3,1,4
29.0,0,Travel_Rarely ,986,Research & Development,3,4,Medical,564,2.0,Male,93,2,3,Research Director,3.0,Married,11935.0,21526,1,No,18,3,3,0,10,2.0,3.0,10.0,2,0,7
29.0,1,Travel_Rarely,408,Research & Development,25,5,Technical Degree,565,3.0,Female,71,2,1,Research Scientist,2.0,Married,4960.0,18300,5,No,16,3,2,0,6,2.0,4.0,2.0,2,1,1
19.0,1,Travel_Rarely,489,Human Resources,2,2,Technical Degree,566,3.0,Male,52,2,1,Human Resources,4.0,Single,2564.0,18437,1,No,12,3,3,0,1,3.0,4.0,1.0,0,0,0
30.0,0,Non-Travel,1398,Sales,22,4,Other,567,3.0,Female,69,3,3,Sales Executive,1.0,Married,8412.0,2890,0,No,11,3,3,0,10,3.0,3.0,9.0,8,7,8
57.0,0,Travel_Rarely,210,Sales,29,3,Marketing,568,3.0,Male,56,2,4,Manager,4.0,Divorced,14118.0,22102,3,No,12,3,3,1,32,3.0,2.0,1.0,0,0,0
50.0,0,Travel_Rarely,1099,Research & Development,29,4,Life Sciences,569,2.0,Male,88,2,4,Manager,3.0,Married,17046.0,9314,0,No,15,3,2,1,28,2.0,3.0,27.0,10,15,7
120.0,0,Non-Travel,1116,Research & Development,2,3,Medical,571,3.0,Female,49,3,1,Laboratory Technician,4.0,Single,2564.0,7181,0,No,14,3,3,0,12,2.0,2.0,11.0,7,6,7
60.0,0,Travel_Frequently,1499,Sales,28,3,Marketing,573,3.0,Female,80,2,3,Sales Executive,1.0,Married,10266.0,2845,4,No,19,3,4,0,22,5.0,4.0,18.0,13,13,11
36.0,0,Travel_Rarely,983,Research & Development,2,2,Medical,574,1.0,Female,65,3,2,Manufacturing Director,4.0,Divorced,5070.0,7389,5,No,13,3,3,3,20,2.0,3.0,5.0,0,0,4
46.0,0,Travel_Rarely,1009,Research & Development,2,3,Life Sciences,575,3.0,Male,51,3,4,Research Director,3.0,Married,4960.0,2288,6,No,13,3,3,0,26,2.0,1.0,3.0,2,0,1
35.0,0,Travel_Rarely,144,Research & Development,22,3,Life Sciences,577,3.0,Male,46,1,1,Laboratory Technician,3.0,Single,4230.0,19225,0,No,15,3,3,0,6,2.0,3.0,5.0,4,4,3
54.0,0,Travel_Rarely,548,Research & Development,8,4,Life Sciences,578,3.0,Female,42,3,2,Laboratory Technician,3.0,Single,4960.0,23428,7,No,11,3,3,0,19,3.0,3.0,1.0,0,0,0
34.0,0,Travel_Rarely,1303,Research & Development,2,4,Life Sciences,579,4.0,Male,62,2,1,Research Scientist,3.0,Divorced,2768.0,8416,3,No,12,3,3,1,14,3.0,3.0,7.0,3,5,7
46.0,0,Travel_Rarely,1125,Sales,10,3,Marketing,580,3.0,Female,94,2,3,Sales Executive,4.0,Married,9071.0,11563,2,Yes,19,3,3,1,15,3.0,3.0,3.0,2,1,2
31.0,0,Travel_Rarely,1274,Research & Development,9,1,Life Sciences,581,3.0,Male,33,3,3,Manufacturing Director,2.0,Divorced,10648.0,14394,1,No,25,4,4,1,13,6.0,4.0,13.0,8,0,8
33.0,1,Travel_Rarely,1277,Research & Development,15,1,Medical,582,3.0,Male,56,3,3,Manager,3.0,Married,13610.0,24619,7,Yes,12,3,4,0,15,2.0,4.0,7.0,6,7,7
33.0,1,Travel_Rarely,587,Research & Development,10,1,Medical,584,1.0,Male,38,1,1,Laboratory Technician,4.0,Divorced,250000.0,6705,7,No,13,3,1,3,8,2.0,3.0,4.0,3,1,3
30.0,0,Travel_Rarely,413,Sales,7,1,Marketing,585,4.0,Male,57,3,1,Sales Representative,2.0,Single,4960.0,18398,0,No,14,3,1,0,4,3.0,3.0,3.0,2,1,2
35.0,0,Travel_Rarely,1276,Research & Development,16,3,Life Sciences,586,4.0,Male,72,3,3,Healthcare Representative,3.0,Married,7632.0,14295,4,Yes,12,3,3,0,10,2.0,3.0,8.0,7,0,0
31.0,1,Travel_Frequently,534,Research & Development,20,3,Life Sciences,587,1.0,Male,66,3,3,Healthcare Representative,3.0,Married,9824.0,22908,3,No,12,3,1,0,12,3.0,3.0,1.0,0,0,0
36.0,1,Travel_Frequently,988,Human Resources,23,3,Human Resources,590,2.0,Female,43,3,3,Human Resources,1.0,Divorced,9950.0,11533,9,Yes,15,3,3,3,11,2.0,3.0,3.0,2,0,2
42.0,0,Travel_Frequently,1474,Research & Development,5,2,Other,591,2.0,Male,97,3,1,Laboratory Technician,3.0,Married,2093.0,9260,4,No,17,3,4,1,8,4.0,3.0,2.0,2,2,0
36.0,0,Non-Travel,635,Sales,10,4,Medical,592,2.0,Male,32,3,3,Sales Executive,4.0,Single,9980.0,15318,1,No,14,3,4,0,10,3.0,2.0,10.0,3,9,7
22.0,1,Travel_Frequently,1368,Research & Development,4,1,Technical Degree,593,3.0,Male,99,2,1,Laboratory Technician,3.0,Single,3894.0,9129,5,No,16,3,3,0,4,3.0,3.0,2.0,2,1,2
48.0,0,Travel_Rarely,163,Sales,2,5,Marketing,595,2.0,Female,37,3,2,Sales Executive,4.0,Married,4960.0,19658,2,No,14,3,1,1,14,2.0,3.0,9.0,7,6,7
55.0,0,Travel_Rarely,1117,Sales,18,5,Life Sciences,597,1.0,Female,83,3,4,Manager,2.0,Single,16835.0,9873,3,No,23,4,4,0,37,2.0,3.0,10.0,9,7,7
41.0,0,Non-Travel,267,Sales,10,2,Life Sciences,599,4.0,Male,56,3,2,Sales Executive,4.0,Single,6230.0,13430,7,No,14,3,4,0,16,3.0,3.0,14.0,3,1,10
35.0,0,Travel_Rarely,619,Sales,1,3,Marketing,600,2.0,Male,85,3,2,Sales Executive,3.0,Complicated,4717.0,18659,9,No,11,3,3,0,15,2.0,3.0,11.0,9,6,9
40.0,0,Travel_Rarely,302,Research & Development,6,3,Life Sciences,601,2.0,Female,75,3,4,Manufacturing Director,3.0,Single,13237.0,20364,7,No,15,3,3,0,22,3.0,3.0,20.0,6,5,13
39.0,0,Travel_Frequently,443,Research & Development,8,1,Life Sciences,602,3.0,Unknown,48,3,1,Laboratory Technician,3.0,Married,3755.0,17872,1,No,11,3,1,1,8,3.0,3.0,8.0,3,0,7
31.0,0,Travel_Rarely,828,Sales,2,1,Life Sciences,604,2.0,Male,77,3,2,Sales Executive,4.0,Single,6582.0,8346,4,Yes,13,3,3,0,10,2.0,3.0,6.0,5,0,5
42.0,0,Travel_Rarely,319,Research & Development,24,3,Medical,605,4.0,Male,56,3,3,Manufacturing Director,1.0,Married,7406.0,6950,1,Yes,21,4,4,1,10,5.0,3.0,10.0,9,5,8
45.0,0,Travel_Rarely,561,Sales,2,3,Other,606,4.0,Male,61,3,2,Sales Executive,2.0,Married,4805.0,16177,0,No,19,3,2,1,9,3.0,4.0,8.0,7,3,7
26.0,1,Travel_Frequently,426,Human Resources,17,4,Life Sciences,608,2.0,Female,58,3,1,Human Resources,3.0,Divorced,2741.0,22808,0,Yes,11,3,2,1,8,2.0,2.0,7.0,7,1,0
29.0,0,Travel_Rarely,232,Research & Development,19,3,Technical Degree,611,4.0,Male,34,3,2,Manufacturing Director,4.0,Divorced,4262.0,22645,4,No,12,3,2,2,8,2.0,4.0,3.0,2,1,2
33.0,0,Travel_Rarely,922,Research & Development,1,5,Medical,612,3.0,Female,95,4,4,Research Director,3.0,Divorced,16184.0,22578,4,No,19,3,3,1,10,3.0,3.0,5.0,1,0,5
31.0,0,Travel_Rarely,688,Sales,7,3,Life Sciences,613,3.0,Male,44,2,3,Manager,4.0,Divorced,11557.0,25291,9,No,21,4,3,1,10,3.0,3.0,5.0,4,0,1
36.0,1,Travel_Frequently,1306,Sales,5,3,Marketing,614,2.0,Male,69,3,1,Sales Representative,2.0,Single,1878.0,8059,1,Yes,14,3,4,0,0,3.0,3.0,0.0,0,0,0
40.0,0,Non-Travel,1094,Sales,28,3,Other,615,3.0,Male,58,1,3,Sales Executive,1.0,Divorced,10932.0,11373,3,No,15,3,3,1,20,2.0,3.0,1.0,0,0,1
36.0,0,Non-Travel,509,Research & Development,2,4,Other,616,1.0,Female,62,2,2,Healthcare Representative,3.0,Single,6811.0,2112,2,Yes,17,3,1,0,10,3.0,3.0,8.0,7,0,7
26.0,0,Travel_Rarely,775,Sales,29,2,Medical,618,1.0,Male,45,3,2,Sales Executive,3.0,Divorced,4306.0,4267,5,No,12,3,1,2,8,5.0,3.0,0.0,0,0,0
35.0,0,Travel_Rarely,195,Sales,1,3,Medical,620,1.0,Female,80,3,2,Sales Executive,3.0,Single,4859.0,6698,1,No,16,3,4,0,5,3.0,3.0,5.0,4,0,3
34.0,0,Travel_Rarely,258,Sales,21,4,Life Sciences,621,4.0,Male,74,4,2,Sales Executive,4.0,Single,5337.0,19921,1,No,12,3,4,0,10,3.0,3.0,10.0,7,5,7
26.0,1,Travel_Rarely,471,Research & Development,24,3,Technical Degree,622,3.0,Male,66,1,1,Laboratory Technician,4.0,Single,2340.0,23213,1,Yes,18,3,2,0,1,3.0,1.0,1.0,0,0,0
37.0,0,Travel_Rarely,799,Research & Development,1,3,Technical Degree,623,2.0,Female,59,3,3,Manufacturing Director,3.0,Single,7491.0,23848,4,No,17,3,4,0,12,3.0,4.0,6.0,5,1,2
46.0,0,Travel_Frequently,1034,Research & Development,18,1,Medical,624,1.0,Female,86,3,3,Healthcare Representative,3.0,Married,10527.0,8984,5,No,11,3,4,0,28,3.0,2.0,2.0,2,1,2
41.0,0,Travel_Rarely,1276,Sales,2,5,Life Sciences,625,2.0,Female,91,3,4,Manager,1.0,Married,16595.0,5626,7,No,16,3,2,1,22,2.0,3.0,18.0,16,11,8
37.0,0,Non-Travel,142,Sales,9,4,Medical,626,1.0,Male,69,3,3,Sales Executive,2.0,Divorced,8834.0,24666,1,No,13,3,4,1,9,6.0,3.0,9.0,5,7,7
52.0,0,Travel_Rarely,956,Research & Development,6,2,Technical Degree,630,4.0,Male,78,3,2,Research Scientist,1.0,Divorced,5577.0,22087,3,Yes,12,3,2,2,18,3.0,3.0,10.0,9,6,9
32.0,1,Non-Travel,1474,Sales,11,4,Other,631,4.0,Male,60,4,2,Sales Executive,3.0,Married,4707.0,23914,8,No,12,3,4,0,6,2.0,3.0,4.0,2,1,2
24.0,0,Travel_Frequently,535,Sales,24,3,Medical,632,3.0,Male,38,3,1,Sales Representative,4.0,Married,2400.0,5530,0,No,13,3,3,2,3,3.0,3.0,2.0,2,2,1
38.0,0,Travel_Rarely,1495,Research & Development,10,3,Medical,634,3.0,Female,76,3,2,Healthcare Representative,3.0,Married,9824.0,22174,3,No,19,3,3,1,18,4.0,3.0,1.0,0,0,0
37.0,0,Travel_Rarely,446,Research & Development,1,4,Life Sciences,635,2.0,Female,65,3,2,Manufacturing Director,2.0,Married,4960.0,15701,6,No,12,3,2,1,8,2.0,2.0,6.0,5,4,3
49.0,0,Travel_Rarely,1245,Research & Development,18,4,Life Sciences,638,4.0,Male,58,2,5,Research Director,3.0,Divorced,19502.0,2125,1,Yes,17,3,3,1,31,5.0,3.0,31.0,9,0,9
24.0,0,Travel_Rarely,691,Research & Development,23,3,Medical,639,2.0,Male,89,4,1,research scientist,4.0,Married,2725.0,21630,1,Yes,11,3,2,2,6,3.0,3.0,6.0,5,1,4
26.0,0,Travel_Rarely ,703,Sales,28,2,Marketing,641,1.0,Male,66,3,2,Sales Executive,2.0,Married,6272.0,7428,1,No,20,4,4,2,6,5.0,4.0,5.0,3,1,4
36.0,0,Travel_Rarely,823,Research & Development,17,2,Other,643,4.0,Male,94,2,1,Laboratory Technician,2.0,Married,2127.0,9100,1,No,21,4,4,1,1,2.0,3.0,1.0,0,0,0
50.0,0,Travel_Frequently,1246,Human Resources,3,3,Medical,644,3.0,Male,99,3,5,Manager,2.0,Married,18200.0,7999,1,No,11,3,3,1,32,2.0,3.0,32.0,5,10,7
25.0,0,Travel_Rarely,622,Sales,13,1,Medical,645,2.0,Male,40,3,1,Sales Representative,3.0,Complicated,2096.0,26376,1,No,11,3,3,0,7,1.0,3.0,7.0,4,0,6
24.0,1,Travel_Frequently,1287,Research & Development,7,3,Life Sciences,647,1.0,Female,55,3,1,Laboratory Technician,3.0,Married,2886.0,14168,1,Yes,16,3,4,1,6,4.0,3.0,6.0,3,1,2
30.0,1,Travel_Frequently,448,Sales,12,4,Life Sciences,648,2.0,Male,74,2,1,Sales Representative,1.0,Married,2033.0,14470,1,No,18,3,3,1,1,2.0,3.0,5.0,0,0,0
34.0,0,Travel_Rarely,254,Research & Development,1,2,Life Sciences,649,2.0,Male,83,2,1,Research Scientist,4.0,Married,3622.0,22794,1,Yes,13,3,4,1,6,3.0,3.0,5.0,5,1,3
99.0,1,Travel_Rarely,1365,Sales,13,4,Medical,650,2.0,Male,46,3,2,Sales Executive,1.0,Divorced,4233.0,11512,2,No,17,3,3,0,9,2.0,1.0,3.0,1,1,2
35.0,0,Travel_Rarely,538,Research & Development,25,2,Other,652,3.0,Male,54,2,2,Laboratory Technician,4.0,Single,3681.0,14004,4,No,14,3,4,0,9,3.0,3.0,3.0,2,0,2
31.0,0,Travel_Rarely ,525,Sales,6,4,Medical,653,1.0,Male,66,4,2,Sales Executive,4.0,Divorced,5460.0,6219,4,No,22,4,4,2,13,4.0,4.0,7.0,7,5,7
27.0,0,Travel_Rarely,798,Research & Development,6,4,Medical,655,1.0,Female,66,2,1,Research Scientist,3.0,Divorced,2187.0,5013,0,No,12,3,3,2,6,5.0,2.0,5.0,3,0,3
37.0,0,Travel_Rarely,558,Sales,2,3,Marketing,656,4.0,Male,75,3,2,Sales Executive,3.0,Married,9602.0,3010,4,Yes,11,3,3,1,17,3.0,2.0,3.0,0,1,0
20.0,0,Travel_Rarely,959,Research & Development,1,3,Life Sciences,657,4.0,Female,83,2,1,Research Scientist,2.0,Single,2836.0,11757,1,No,13,3,4,0,1,0.0,4.0,1.0,0,0,0
42.0,0,Travel_Rarely,622,Research & Development,2,4,Life Sciences,659,3.0,Female,81,3,2,Healthcare Representative,4.0,Married,4089.0,5718,1,No,13,3,2,2,10,4.0,3.0,10.0,2,2,2
43.0,0,Travel_Rarely,782,Research & Development,6,4,Other,661,2.0,Male,50,2,4,Research Director,4.0,Divorced,16627.0,2671,4,Yes,14,3,3,1,21,3.0,2.0,1.0,0,0,0
38.0,0,Travel_Rarely,362,Research & Development,1,1,Life Sciences,662,3.0,Female,43,3,1,Research Scientist,1.0,Single,2619.0,14561,3,No,17,3,4,0,8,3.0,2.0,0.0,0,0,0
43.0,0,Travel_Frequently,1001,Research & Development,9,5,Medical,663,4.0,Male,72,3,2,Laboratory Technician,3.0,Divorced,5679.0,19627,3,Yes,13,3,2,1,10,3.0,3.0,8.0,7,4,7
48.0,0,Travel_Rarely,1236,Research & Development,1,4,Life Sciences,664,4.0,Female,40,2,4,Manager,1.0,Married,15402.0,17997,7,No,11,3,1,1,21,3.0,1.0,3.0,2,0,2
44.0,0,Travel_Rarely,1112,Human Resources,1,4,Life Sciences,665,1.0,Female,50,2,2,Human Resources,3.0,Single,5985.0,26894,4,No,11,3,2,0,10,1.0,4.0,2.0,2,0,2
34.0,0,Travel_Rarely,204,Sales,14,3,Technical Degree,666,3.0,Female,31,3,1,Sales Representative,3.0,Divorced,2579.0,2912,1,Yes,18,3,4,2,8,3.0,3.0,8.0,2,0,6
27.0,1,Travel_Rarely,1420,Sales,2,1,Marketing,667,3.0,Male,85,3,1,Sales Representative,1.0,Divorced,3041.0,16346,0,No,11,3,2,1,5,3.0,3.0,4.0,3,0,2
21.0,0,Travel_Rarely,1343,Sales,22,1,Technical Degree,669,3.0,Male,49,3,1,Sales Representative,3.0,Single,3447.0,24444,1,No,11,3,3,0,3,2.0,3.0,3.0,2,1,2
44.0,0,Travel_Rarely,1315,Research & Development,3,4,Other,671,4.0,Male,35,3,5,Manager,4.0,Married,19513.0,9358,4,Yes,12,3,1,1,26,2.0,4.0,2.0,2,0,1
22.0,0,Travel_Rarely,604,Research & Development,6,1,Medical,675,1.0,Male,69,3,1,Research Scientist,3.0,Married,2773.0,12145,0,No,20,4,4,0,3,3.0,3.0,5.0,2,2,2
33.0,0,Travel_Rarely,1216,Sales,8,4,Marketing,677,3.0,Male,39,3,2,Sales Executive,3.0,Divorced,7104.0,20431,0,No,12,3,4,0,6,3.0,3.0,5.0,0,1,2
32.0,0, Travel_Rarely,646,Research & Development,9,4,Life Sciences,679,1.0,Female,92,3,2,Research Scientist,4.0,Married,6322.0,18089,1,Yes,12,3,4,1,6,2.0,2.0,6.0,4,0,5
30.0,0,Travel_Frequently,160,Research & Development,3,3,Medical,680,3.0,Female,71,3,1,Research Scientist,3.0,Divorced,2083.0,22653,1,No,20,4,3,1,1,2.0,3.0,1.0,0,0,0
53.0,0,Travel_Rarely,238,Sales,1,1,Medical,682,4.0,Female,34,3,2,Sales Executive,1.0,Single,8381.0,7507,7,No,20,4,4,0,18,2.0,4.0,14.0,7,8,10
34.0,0,Travel_Rarely,1397,Research & Development,1,5,Life Sciences,683,2.0,Male,42,3,1,Research Scientist,4.0,Married,2691.0,7660,1,No,12,3,4,1,10,4.0,2.0,10.0,9,8,8
45.0,1,Travel_Frequently ,306,SALES,26,4,Life Sciences,684,1.0,Female,100,3,2,Sales Executive,3.0,Married,4286.0,5630,2,No,14,3,4,2,5,4.0,3.0,1.0,1,0,0
26.0,0,Travel_Rarely,991,Research & Development,6,3,Life Sciences,686,3.0,Female,71,3,1,Laboratory Technician,4.0,Married,2659.0,17759,1,Yes,13,3,3,1,3,2.0,3.0,3.0,2,0,2
37.0,0,Travel_Rarely,482,Research & Development,3,3,Other,689,3.0,Male,36,3,3,Manufacturing Director,3.0,Married,9434.0,9606,1,No,15,3,3,1,10,3.0,3.0,10.0,7,7,8
29.0,0,Travel_Rarely,1176,Sales,3,2,Medical,690,2.0,Female,62,3,2,Sales Executive,3.0,Married,5561.0,3487,1,No,14,3,1,1,6,5.0,2.0,5.0,0,1,2
35.0,0,Travel_Rarely,1017,Research & Development,6,4,Life Sciences,691,2.0,Male,82,1,2,Research Scientist,4.0,Single,6646.0,19368,1,No,13,3,2,0,17,3.0,3.0,17.0,11,11,8
33.0,0,Travel_Frequently,1296,Research & Development,6,3,Life Sciences,692,3.0,Male,30,3,2,Healthcare Representative,4.0,Divorced,7725.0,5335,3,No,23,4,3,1,15,2.0,1.0,13.0,11,4,7
54.0,0,Travel_Rarely,397,Human Resources,19,4,Medical,698,3.0,Male,88,3,3,Human Resources,2.0,Married,10725.0,6729,2,No,15,3,3,1,16,1.0,4.0,9.0,7,7,1
36.0,0,Travel_Rarely,913,Research & Development,9,2,Medical,699,2.0,Male,48,2,2,Manufacturing Director,2.0,Divorced,8847.0,13934,2,Yes,11,3,3,1,13,2.0,3.0,3.0,2,0,2
27.0,0,Travel_Rarely,1115,Research & Development,3,4,Medical,700,1.0,Male,54,2,1,Research Scientist,4.0,Single,4960.0,15174,0,No,13,3,4,0,5,0.0,3.0,4.0,2,1,1
20.0,1,Travel_Rarely,1362,Research & Development,10,1,Medical,701,4.0,Male,32,3,1,Research Scientist,3.0,Single,1009.0,26999,1,Yes,11,3,4,0,1,5.0,3.0,1.0,0,1,1
33.0,1,Travel_Frequently,1076,Research & Development,3,3,Life Sciences,702,1.0,Male,70,3,1,Research Scientist,1.0,Single,3348.0,3164,1,Yes,11,3,1,0,10,3.0,3.0,10.0,8,9,7
35.0,0,Non-Travel,727,Research & Development,3,3,Life Sciences,704,3.0,Male,41,2,1,Laboratory Technician,3.0,Married,1281.0,16900,1,No,18,3,3,2,1,3.0,3.0,1.0,0,0,0
23.0,0,Travel_Rarely,885,Research & Development,4,3,Medical,705,1.0,Male,58,4,1,Research Scientist,1.0,Married,2819.0,8544,2,No,16,3,1,1,5,3.0,4.0,3.0,2,0,2
25.0,0,Travel_Rarely,810,Sales,8,3,Life Sciences,707,4.0,Male,57,4,2,Sales Executive,3.0,Married,4960.0,15678,0,No,22,4,3,1,4,4.0,3.0,3.0,2,1,2
38.0,0,Travel_Rarely,243,Sales,7,4,Marketing,709,4.0,Female,46,2,2,Sales Executive,4.0,Other,4028.0,7791,0,No,20,4,1,0,8,2.0,3.0,7.0,7,0,5
36.0,0,Travel_Frequently,806,Research & Development,1,4,Life Sciences,710,2.0,Male,76,1,1,Research Scientist,4.0,Divorced,2720.0,18959,1,No,18,3,4,1,10,5.0,3.0,10.0,7,2,8
48.0,0,Travel_Rarely,817,Sales,2,1,Marketing,712,2.0,Male,56,4,2,sales executive,2.0,Married,8120.0,18597,3,No,12,3,4,0,12,3.0,3.0,2.0,2,2,2
27.0,0,Travel_Frequently,1410,Sales,3,1,Medical,714,4.0,Female,71,4,2,Sales Executive,4.0,Divorced,4647.0,16673,1,Yes,20,4,2,2,6,3.0,3.0,6.0,5,0,4
37.0,0,Travel_Rarely,1225,Research & Development,10,2,Life Sciences,715,4.0,Male,80,4,1,Research Scientist,4.0,Single,4680.0,15232,3,No,17,3,1,0,4,2.0,3.0,1.0,0,0,0
50.0,0,Travel_Rarely,1207,Research & Development,28,1,Medical,716,4.0,Male,74,4,1,Laboratory Technician,3.0,Married,3221.0,3297,1,Yes,11,3,3,3,20,3.0,3.0,20.0,8,3,8
36.0,0,Travel_Rarely,1442,Research & Development,9,3,Medical,717,4.0,Female,46,2,3,Healthcare Representative,2.0,Single,4960.0,17654,1,No,14,3,2,0,9,3.0,4.0,65.0,7,7,7
24.0,1,Travel_Rarely,693,Sales,3,2,Life Sciences,720,1.0,Female,65,3,2,Sales Executive,3.0,Single,4577.0,24785,9,No,14,3,1,0,4,3.0,3.0,5.0,2,2,0
39.0,0,Travel_Rarely,408,Research & Development,2,4,Technical Degree,721,4.0,Female,80,2,2,healthcare representative,3.0,Single,4553.0,20978,1,No,11,3,1,0,20,4.0,3.0,20.0,7,11,10
32.0,0,Travel_Rarely,929,Sales,10,3,Marketing,722,4.0,Male,55,3,2,sales executive,4.0,Single,5396.0,21703,1,No,12,3,4,0,10,2.0,2.0,10.0,7,0,8
50.0,1,Travel_Frequently,562,Sales,8,2,Technical Degree,723,2.0,Male,50,3,2,Sales Executive,3.0,Married,6796.0,23452,3,Yes,14,3,1,1,18,4.0,3.0,4.0,3,1,3
38.0,0,Travel_Rarely,827,Research & Development,1,4,Life Sciences,724,2.0,Female,33,4,2,Healthcare Representative,4.0,Single,7625.0,19383,0,No,13,3,3,0,10,4.0,2.0,9.0,7,1,8
27.0,0,Travel_Rarely,608,Research & Development,1,2,Life Sciences,725,3.0,Female,68,3,3,Manufacturing Director,1.0,Married,7412.0,6009,1,No,11,3,4,0,9,3.0,3.0,9.0,7,0,7
36.0,0,Travel_Rarely,1018,Research & Development,3,2,Life Sciences,727,3.0,Female,39,3,3,Research Director,4.0,Single,11159.0,19373,3,No,15,3,4,0,10,6.0,3.0,7.0,7,7,7
47.0,0,Travel_Rarely,703,Sales,14,4,Marketing,728,4.0,Male,42,3,2,Sales Executive,1.0,Single,4960.0,11825,2,No,12,3,4,0,20,2.0,3.0,7.0,7,1,7
40.0,0,Travel_Frequently,580,Sales,5,4,Life Sciences,729,3.0,Male,48,2,3,Sales Executive,1.0,Married,10475.0,23772,5,Yes,21,4,3,1,20,2.0,3.0,18.0,13,1,12
53.0,0,Travel_Rarely,970,Research & Development,7,3,Life Sciences,730,3.0,Male,59,4,4,Research Director,3.0,Married,14814.0,13514,3,No,19,3,3,0,32,3.0,3.0,5.0,1,1,3
41.0,0,Travel_Rarely,427,Human Resources,10,4,Human Resources,731,2.0,Male,73,2,5,Manager,4.0,Divorced,19141.0,8861,3,No,15,3,2,3,23,2.0,2.0,21.0,6,12,6
60.0,0,Travel_Rarely,1179,Sales,16,4,Marketing,732,1.0,Male,84,3,2,Sales Executive,1.0,Single,5405.0,11924,8,No,14,3,4,0,10,1.0,3.0,2.0,2,2,2
36.0,0,Travel_Frequently,294,Research & Development,10,2,Life Sciences,733,4.0,Male,32,3,3,manufacturing director,1.0,Divorced,8793.0,4809,1,No,21,4,3,2,9,4.0,2.0,9.0,7,1,7
41.0,0,Travel_Rarely,314,Human Resources,1,3,Human Resources,734,3.0,Male,59,2,5,Manager,3.0,Married,19189.0,19562,1,No,12,3,2,1,22,3.0,3.0,22.0,7,2,10
50.0,0,Travel_Rarely,316,Sales,8,4,Marketing,738,4.0,Male,54,3,1,Sales Representative,2.0,Married,3875.0,9983,7,No,15,3,4,1,4,2.0,3.0,2.0,2,2,2
28.0,1,Travel_Rarely,654,Research & Development,1,2,Life Sciences,741,3.0,Female,67,1,1,Research Scientist,2.0,Single,2216.0,3872,7,Yes,13,3,4,0,10,4.0,3.0,7.0,7,3,7
36.0,0,Non-Travel,427,Research & Development,8,3,Life Sciences,742,1.0,Female,63,4,3,Research Director,1.0,Married,11713.0,20335,9,No,14,3,1,1,10,2.0,3.0,8.0,7,0,5
38.0,0,Travel_Rarely,168,Research & Development,1,3,Life Sciences,743,3.0,Female,81,3,3,Manufacturing Director,3.0,Single,7861.0,15397,4,Yes,14,3,4,0,10,4.0,4.0,1.0,0,0,0
44.0,0,Non-Travel,381,Research & Development,24,3,Medical,744,1.0,Male,49,1,1,Laboratory Technician,3.0,Single,3708.0,2104,2,No,14,3,3,0,9,5.0,3.0,5.0,2,1,4
47.0,0,Travel_Frequently,217,Sales,3,3,Medical,746,4.0,Female,49,3,4,Sales Executive,3.0,Divorced,13770.0,10225,9,Yes,12,3,4,2,28,2.0,2.0,22.0,2,11,13
36.0,0,Travel_Rarely,501,Sales,27,5,Marketing,747,3.0,Male,99,3,2,Sales Executive,4.0,Divorced,500000.0,25275,7,No,23,4,4,1,10,3.0,2.0,8.0,7,7,7
36.0,0,Travel_Rarely,1396,Sales,10,3,Life Sciences,749,3.0,Male,99,3,1,Sales Representative,3.0,Single,750000.0,2755,1,No,11,3,3,0,1,6.0,3.0,1.0,0,0,0
42.0,1,Travel_Frequently,933,Research & Development,19,3,Medical,752,3.0,Male,57,4,1,Research Scientist,3.0,Divorced,4960.0,20366,6,Yes,12,3,4,0,7,2.0,3.0,2.0,2,2,2
43.0,0,Travel_Frequently,775,Sales,15,3,Life Sciences,754,4.0,Male,47,2,2,Sales Executive,4.0,Married,6804.0,23683,3,No,18,3,3,1,7,5.0,3.0,2.0,2,2,2
34.0,0,Travel_Rarely,970,Research & Development,8,2,Medical,757,2.0,Female,96,3,2,Healthcare Representative,3.0,Single,6142.0,7360,3,No,11,3,4,0,10,2.0,3.0,5.0,1,4,3
23.0,0,Travel_Rarely,650,Research & Development,9,1,Medical,758,2.0,Male,37,3,1,Laboratory Technician,1.0,Married,2500.0,4344,1,No,14,3,4,1,5,2.0,4.0,4.0,3,0,2
36.0,0,Travel_Rarely,141,Human Resources,3,3,Human Resources,760,3.0,Female,44,4,2,Human Resources,2.0,Married,6389.0,18767,9,No,15,3,3,1,12,3.0,1.0,8.0,3,3,6
56.0,0,Travel_Rarely,832,Research & Development,9,3,Medical,762,3.0,Male,81,3,4,Healthcare Representative,4.0,Married,11103.0,20420,7,No,11,3,3,0,30,1.0,2.0,10.0,7,1,1
40.0,0,Travel_Rarely,804,Research & Development,2,1,Medical,763,4.0,Female,86,2,1,Research Scientist,4.0,Single,2342.0,22929,0,Yes,20,4,4,0,5,2.0,2.0,4.0,2,2,3
27.0,0,Travel_Rarely,975,Research & Development,7,3,Medical,764,3.0,Female,55,2,2,Healthcare Representative,1.0,Single,-5000.0,23398,8,No,19,3,1,0,9,2.0,1.0,7.0,6,0,7
29.0,0,Travel_Rarely,1090,Sales,10,3,Marketing,766,4.0,Male,83,3,1,Sales Representative,2.0,Divorced,2297.0,17967,1,No,14,3,4,2,2,2.0,3.0,2.0,2,2,2
53.0,0,Travel_Rarely,346,Research & Development,6,3,Life Sciences,769,4.0,Male,86,3,2,Laboratory Technician,3.0,Single,4960.0,10919,2,No,17,3,4,0,19,4.0,3.0,2.0,2,2,2
35.0,0,Non-Travel,1225,Research & Development,2,4,Life Sciences,771,3.0,Female,61,3,2,Healthcare Representative,1.0,Divorced,5093.0,4761,2,No,11,3,1,1,16,3.0,4.0,1.0,0,0,0
32.0,0,Travel_Frequently,430,Research & Development,24,4,Life Sciences,772,1.0,Male,80,3,2,Laboratory Technician,4.0,Married,5309.0,21146,1,No,15,3,4,2,10,2.0,3.0,10.0,8,4,7
38.0,0,Travel_Rarely,268,Research & Development,2,5,Medical,773,4.0,Male,92,3,1,Research Scientist,3.0,Married,3057.0,20471,6,Yes,13,3,2,1,6,0.0,1.0,1.0,0,0,1
34.0,0,Travel_Rarely ,167,Research & Development,8,5,Life Sciences,775,2.0,Female,32,3,2,Manufacturing Director,1.0,Divorced,5121.0,4187,3,No,14,3,3,1,7,3.0,3.0,55.0,0,0,0
52.0,0,Travel_Rarely,621,Sales,3,4,Marketing,776,3.0,Male,31,2,4,Manager,1.0,Married,16856.0,10084,1,No,11,3,1,0,34,3.0,4.0,34.0,6,1,16
33.0,1,Travel_Rarely,527,Research & Development,1,4,Other,780,4.0,Male,63,3,1,Research Scientist,4.0,Single,2686.0,5207,1,Yes,13,3,3,0,10,2.0,2.0,10.0,9,7,8
25.0,0,Travel_Rarely,883,Sales,26,1,Medical,781,3.0,Female,32,3,2,Sales Executive,4.0,Single,6180.0,22807,1,No,23,4,2,0,6,5.0,2.0,6.0,5,1,4
45.0,0,Travel_Rarely,954,Sales,2,2,Technical Degree,783,2.0,Male,46,1,2,Sales Representative,3.0,Single,6632.0,12388,0,No,13,3,1,0,9,3.0,3.0,5.0,7,3,1
23.0,0,Travel_Rarely,310,Research & Development,10,1,Medical,784,1.0,Male,79,4,1,Research Scientist,3.0,Single,3505.0,19630,1,No,18,3,4,0,2,3.0,3.0,2.0,2,0,2
47.0,1,Travel_Frequently,719,Sales,27,2,Life Sciences,785,2.0,Female,77,4,2,Sales Executive,3.0,Single,6397.0,10339,4,Yes,12,3,4,0,8,2.0,3.0,5.0,4,1,3
34.0,0,Travel_Rarely,304,Sales,2,3,Other,786,3.0,Male,60,3,2,sales executive,4.0,Single,6274.0,18686,1,No,22,4,3,0,6,5.0,3.0,6.0,5,1,4
55.0,1,Travel_Rarely,725,Research & Development,2,3,Medical,787,4.0,Male,78,3,5,Manager,1.0,Married,19859.0,21199,5,Yes,13,3,4,1,24,2.0,3.0,5.0,2,1,4
36.0,0,Non-Travel,1434,Sales,8,4,Life Sciences,789,1.0,Unknown,76,2,3,Sales Executive,1.0,Single,7587.0,14229,1,No,15,3,2,0,10,1.0,3.0,10.0,7,0,9
52.0,0,Non-Travel,715,Research & Development,19,4,Medical,791,4.0,Male,41,3,1,Research Scientist,4.0,Married,4258.0,26589,0,No,18,3,1,1,5,3.0,3.0,4.0,3,1,2
26.0,0,Travel_Frequently,575,Research & Development,1,2,Life Sciences,792,1.0,Female,71,1,1,Laboratory Technician,4.0,Divorced,4364.0,5288,3,No,14,3,1,1,5,2.0,3.0,2.0,2,2,0
36.0,0,Travel_Rarely,657,Research & Development,27,3,Medical,793,2.0,Female,66,3,2,Healthcare Representative,3.0,Married,4335.0,25549,4,No,12,3,1,1,11,3.0,3.0,8.0,7,1,1
26.0,1,Travel_Rarely,1146,Sales,8,3,Technical Degree,796,4.0,Male,38,2,2,Sales Executive,1.0,Single,5326.0,3064,6,No,17,3,3,0,6,2.0,2.0,4.0,3,1,2
34.0,0,Travel_Rarely,182,Research & Development,1,4,Life Sciences,797,2.0,Female,72,4,1,Research Scientist,4.0,Single,3280.0,13551,2,No,16,3,3,0,10,2.0,3.0,4.0,2,1,3
54.0,0,Travel_Rarely,376,Research & Development,19,4,Medical,799,4.0,Female,95,3,2,Manufacturing Director,1.0,Divorced,5485.0,22670,9,Yes,11,3,2,2,9,4.0,3.0,5.0,3,1,4
27.0,0,Travel_Frequently,829,Sales,8,1,Marketing,800,3.0,Male,84,3,2,Sales Executive,4.0,Married,4342.0,24008,0,No,19,3,2,1,5,3.0,3.0,4.0,2,1,1
37.0,0,Travel_Rarely,571,Research & Development,10,1,Life Sciences,802,4.0,Female,82,3,1,Research Scientist,3.0,Divorced,2782.0,19905,0,Yes,13,3,2,2,6,3.0,3.0,5.0,3,4,3
38.0,0,Travel_Frequently,240,Research & Development,2,4,Life Sciences,803,1.0,Female,75,4,2,Manufacturing Director,1.0,Single,5980.0,26085,6,Yes,12,3,4,0,17,2.0,3.0,15.0,7,4,12
34.0,0,Travel_Rarely,121,Research & Development,2,4,Medical,804,3.0,Female,86,2,1,Research Scientist,3.0,Single,4381.0,7530,1,No,11,3,3,0,6,3.0,3.0,6.0,5,1,3
35.0,0,Travel_Rarely,384,Sales,8,4,Life Sciences,805,1.0,Female,72,3,1,Sales Representative,4.0,Married,4960.0,20317,1,No,16,3,2,1,3,3.0,2.0,3.0,2,0,2
36.0,0,Travel_Rarely,921,Research & Development,1,3,Life Sciences,806,4.0,Male,38,1,1,Laboratory Technician,3.0,Married,3833.0,24375,3,No,21,4,3,2,7,2.0,3.0,2.0,2,0,2
40.0,0,Travel_Frequently,791,Research & Development,2,2,Medical,807,3.0,Female,38,4,2,Healthcare Representative,2.0,Married,4244.0,9931,1,No,24,4,4,1,8,2.0,3.0,8.0,7,3,7
34.0,0,Travel_Rarely,1111,Sales,8,2,Life Sciences,808,3.0,Female,93,3,2,Sales Executive,1.0,Married,6500.0,13305,5,No,17,3,2,1,6,1.0,3.0,5.0,2,1,2
36.0,0,Travel_Frequently,570,Research & Development,8,3,Life Sciences,809,2.0,Male,66,3,5,Manager,4.0,Divorced,18430.0,16225,1,No,13,3,2,1,24,4.0,3.0,24.0,7,14,9
23.0,1,Travel_Rarely,1243,Research & Development,6,3,Life Sciences,811,3.0,Male,63,4,1,Laboratory Technician,1.0,Married,1601.0,3445,1,Yes,21,4,3,2,1,2.0,3.0,0.0,0,0,0
24.0,0,Non-Travel,1092,Research & Development,9,3,Life Sciences,812,3.0,Male,60,2,1,Laboratory Technician,2.0,Divorced,2694.0,26551,1,No,11,3,3,3,1,4.0,3.0,1.0,0,0,0
52.0,0,Travel_Rarely,1325,Research & Development,11,4,Life Sciences,813,4.0,Female,82,3,2,Laboratory Technician,3.0,Married,4960.0,21821,8,No,20,4,2,1,9,3.0,3.0,5.0,2,1,4
50.0,0,Travel_Rarely,691,Research & Development,2,3,Medical,815,3.0,Male,64,3,4,Research Director,3.0,Married,17639.0,6881,5,No,16,3,4,0,30,3.0,3.0,4.0,3,0,3
29.0,1,Travel_Rarely,805,Research & Development,1,2,Life Sciences,816,2.0,Female,36,2,1,Laboratory Technician,1.0,Complicated,2319.0,6689,1,Yes,11,3,4,1,1,3.0,3.0,1.0,0,0,0
33.0,0,Travel_Rarely,213,Research & Development,7,3,Medical,817,3.0,Male,49,3,3,Research Director,3.0,Married,11691.0,25995,0,No,11,3,4,0,14,3.0,4.0,13.0,9,3,7
33.0,1,Travel_Rarely,118,Sales,16,3,Marketing,819,1.0,Female,69,3,2,Sales Executive,1.0,Single,4960.0,26507,5,No,15,3,3,0,6,3.0,3.0,3.0,2,0,2
47.0,0,Travel_Rarely,202,Research & Development,2,2,Other,820,3.0,Female,33,3,4,Manager,4.0,Married,16752.0,12982,1,Yes,11,3,3,1,26,3.0,2.0,26.0,14,3,0
36.0,0,Travel_Rarely,676,Research & Development,1,3,Other,823,3.0,Female,35,3,2,Manufacturing Director,2.0,Married,5228.0,23361,0,No,15,3,1,1,10,2.0,3.0,9.0,7,0,5
29.0,0,Travel_Rarely,1252,Research & Development,23,2,Life Sciences,824,3.0,Male,81,4,1,Research Scientist,3.0,Married,2700.0,23779,1,No,24,4,3,1,10,3.0,3.0,90.0,7,0,7
58.0,1,Travel_Rarely,286,Research & Development,2,4,Life Sciences,825,4.0,Male,31,3,5,Research Director,3.0,Single,19246.0,25761,7,Yes,12,3,4,0,40,2.0,3.0,31.0,15,13,8
35.0,0,Travel_Rarely,1258,Research & Development,1,4,Life Sciences,826,4.0,Female,40,4,1,Research Scientist,3.0,Single,2506.0,13301,3,No,13,3,3,0,7,0.0,3.0,2.0,2,2,2
36.0,0,Travel_Rarely,932,Research & Development,1,2,Life Sciences,827,4.0,Female,43,2,2,Manufacturing Director,4.0,Married,6062.0,4051,9,Yes,13,3,4,1,8,4.0,3.0,4.0,3,0,2
28.0,1,Travel_Rarely,890,Research & Development,2,4,Medical,828,3.0,Male,46,3,1,Research Scientist,3.0,Single,4382.0,16374,6,No,17,3,4,0,5,3.0,2.0,2.0,2,2,1
36.0,0,Travel_Rarely,1041,Human Resources,13,3,Human Resources,829,3.0,Male,36,3,1,Human Resources,2.0,Married,2143.0,25527,4,No,13,3,2,1,8,2.0,3.0,5.0,2,0,4
32.0,0,Travel_Rarely,859,Research & Development,4,3,Life Sciences,830,3.0,Female,98,2,2,Manufacturing Director,3.0,Married,6162.0,19124,1,No,12,3,3,1,14,3.0,3.0,14.0,13,6,8
40.0,0,Travel_Frequently,720,Research & Development,16,4,Medical,832,1.0,Male,51,2,2,Laboratory Technician,3.0,Single,5094.0,11983,6,No,14,3,4,0,10,6.0,3.0,1.0,0,0,0
36.0,0,Travel_Rarely,946,Research & Development,2,3,Medical,833,3.0,Female,52,2,2,Manufacturing Director,4.0,Single,6877.0,20234,5,Yes,24,4,2,0,12,4.0,2.0,0.0,0,0,0
45.0,0,Travel_Rarely,252,Research & Development,2,3,Life Sciences,834,2.0,Female,95,2,1,Research Scientist,3.0,Single,2274.0,6153,1,No,14,3,4,0,1,3.0,3.0,1.0,0,0,0
42.0,0,Travel_Rarely,933,Research & Development,29,3,Life Sciences,836,2.0,Male,98,3,2,Manufacturing Director,3.0,Married,4434.0,11806,1,No,13,3,4,1,10,3.0,2.0,5.0,8,7,8
36.0,0,Travel_Frequently,471,Research & Development,12,3,Life Sciences,837,1.0,Male,45,2,2,Healthcare Representative,1.0,Divorced,6288.0,4284,2,No,15,3,3,1,13,3.0,2.0,4.0,3,1,2
34.0,0,Travel_Frequently,702,Research & Development,16,4,Life Sciences,838,3.0,Female,100,2,1,Research Scientist,4.0,Single,2553.0,8306,1,No,16,3,3,0,6,3.0,3.0,5.0,2,1,3
49.0,1,Travel_Rarely,1184,Sales,11,3,Marketing,840,3.0,Female,43,3,3,Sales Executive,4.0,Married,7654.0,5860,1,No,18,3,1,2,9,3.0,4.0,9.0,8,7,7
55.0,1,Travel_Rarely,436,Sales,2,1,Medical,842,3.0,Male,37,3,2,Sales Executive,4.0,Single,5160.0,21519,4,No,16,3,3,0,12,3.0,3.0,9.0,7,7,3
43.0,0,Travel_Rarely ,589,Research & Development,14,2,Life Sciences,843,2.0,Male,94,3,4,Research Director,1.0,Married,17159.0,5200,6,No,24,4,3,1,22,3.0,3.0,4.0,1,1,0
27.0,0,Travel_Rarely,269,Research & Development,5,1,Technical Degree,844,3.0,Male,42,2,3,Research Director,4.0,Divorced,12808.0,8842,1,Yes,16,3,2,1,9,3.0,3.0,55.0,8,0,8
35.0,0,Travel_Rarely,950,Research & Development,7,3,Other,845,3.0,Male,59,3,3,Manufacturing Director,3.0,Single,10221.0,18869,3,No,21,4,2,0,17,3.0,4.0,8.0,5,1,6
28.0,0,Travel_Rarely,760,Sales,2,4,Marketing,846,2.0,Female,81,3,2,Sales Executive,2.0,Married,4779.0,3698,1,Yes,20,4,1,0,8,2.0,3.0,8.0,7,7,5
34.0,0,Travel_Rarely,829,Human Resources,3,2,Human Resources,847,3.0,Unknown,88,3,1,Human Resources,4.0,Married,3737.0,2243,0,No,19,3,3,1,4,1.0,1.0,3.0,2,0,2
26.0,1,Travel_Frequently,887,Research & Development,5,2,Medical,848,3.0,Female,88,2,1,research scientist,3.0,Married,2366.0,20898,1,Yes,14,3,1,1,8,2.0,3.0,8.0,7,1,7
27.0,0,Non-Travel,443,Research & Development,3,3,Medical,850,4.0,Male,50,3,1,Research Scientist,4.0,Married,4960.0,16571,1,No,11,3,3,3,0,3.0,2.0,0.0,0,0,0
51.0,0,Travel_Rarely,1318,Sales,26,4,Marketing,851,1.0,Female,66,3,4,Manager,3.0,Married,4960.0,5594,2,No,14,3,3,1,29,2.0,2.0,20.0,6,4,17
44.0,0,Travel_Rarely,625,Research & Development,4,3,Medical,852,4.0,Male,50,3,2,Healthcare Representative,2.0,Single,5933.0,5197,9,No,12,3,4,0,10,2.0,2.0,100.0,2,2,3
120.0,0,Travel_Rarely,180,Research & Development,2,1,Medical,854,1.0,Male,65,4,1,Research Scientist,1.0,Single,3424.0,21632,7,No,13,3,3,0,6,3.0,2.0,4.0,3,0,1
33.0,0,Travel_Rarely,586,Sales,1,3,Medical,855,1.0,Male,48,4,2,Sales Executive,3.0,Other,4037.0,21816,1,No,22,4,1,1,9,5.0,3.0,9.0,8,0,8
35.0,0,Travel_Rarely,1343,Research & Development,27,1,Medical,856,3.0,Female,53,2,1,Research Scientist,1.0,Single,2559.0,17852,1,No,11,3,4,0,6,3.0,2.0,6.0,5,1,1
36.0,0,Travel_Rarely,928,Sales,1,2,Life Sciences,857,2.0,Male,56,3,2,Sales Executive,4.0,Married,6201.0,2823,1,Yes,14,3,4,1,18,1.0,2.0,18.0,14,4,11
36.0,0,Travel_Rarely,117,Sales,13,4,Life Sciences,859,2.0,Male,73,3,2,Sales Executive,4.0,Divorced,4403.0,9250,2,No,11,3,3,1,8,3.0,2.0,5.0,2,0,3
30.0,0,Travel_Frequently ,1012,Research & Development,5,4,Life Sciences,861,2.0,Male,75,2,1,Research Scientist,4.0,Divorced,4960.0,2373,9,No,12,3,2,1,10,3.0,3.0,5.0,4,0,3
36.0,0,Travel_Rarely,661,Sales,7,2,Marketing,862,1.0,Female,78,2,3,Sales Executive,4.0,Married,10934.0,20715,7,Yes,18,3,4,1,35,3.0,3.0,5.0,2,0,4
45.0,0,Travel_Rarely,930,Sales,9,3,Marketing,864,3.0,Male,74,3,3,Sales Executive,1.0,Divorced,10761.0,19239,4,Yes,12,3,3,1,18,2.0,3.0,5.0,4,0,2
32.0,0,Travel_Rarely,638,Research & Development,8,2,Medical,865,3.0,Female,91,4,2,Research Scientist,3.0,Married,5175.0,22162,5,No,12,3,3,1,9,3.0,2.0,5.0,3,1,3
52.0,0,Travel_Frequently,890,Research & Development,25,4,Medical,867,3.0,Female,81,2,4,Manufacturing Director,4.0,Married,13826.0,19028,3,No,22,4,3,0,31,3.0,3.0,9.0,8,0,0
37.0,0,Travel_Rarely,342,Sales,16,4,Marketing,868,4.0,Male,66,2,2,Sales Executive,3.0,Divorced,4960.0,24558,4,No,19,3,4,2,9,3.0,3.0,1.0,0,0,0
28.0,0,Travel_Rarely,1169,Human Resources,8,2,Medical,869,2.0,Male,63,2,1,Human Resources,4.0,Divorced,4936.0,23965,1,No,13,3,4,1,6,6.0,3.0,5.0,1,0,4
22.0,0,Travel_Rarely,1230,Research & Development,1,2,Life Sciences,872,3.0,Male,33,2,2,Manufacturing Director,4.0,Married,4775.0,19146,6,No,22,4,1,2,4,2.0,1.0,2.0,2,2,2
44.0,0,Travel_Rarely,986,Research & Development,8,4,Life Sciences,874,1.0,Male,62,4,1,Laboratory Technician,4.0,Married,2818.0,5044,2,Yes,24,4,3,1,10,2.0,2.0,3.0,2,0,2
42.0,0,Travel_Frequently,1271,Research & Development,2,1,Medical,875,2.0,Male,35,3,1,Research Scientist,4.0,Single,2515.0,9068,5,Yes,14,3,4,0,8,2.0,3.0,2.0,1,2,2
36.0,0,Travel_Rarely,1278,Human Resources,8,3,Life Sciences,878,1.0,Male,77,2,1,Human Resources,1.0,Married,2342.0,8635,0,No,21,4,3,0,6,3.0,3.0,5.0,4,0,3
25.0,0,Travel_Rarely,141,Sales,3,1,Other,879,3.0,Male,98,3,2,Sales Executive,1.0,Married,4194.0,14363,1,Yes,18,3,4,0,5,3.0,3.0,5.0,3,0,3
35.0,0,Travel_Rarely,607,Research & Development,9,3,Life Sciences,880,4.0,Female,66,2,3,Manufacturing Director,3.0,Married,10685.0,23457,1,Yes,20,4,2,1,17,2.0,3.0,17.0,14,5,15
35.0,1,Travel_Frequently,130,Research & Development,25,4,Life Sciences,881,4.0,Female,96,3,1,Research Scientist,2.0,Divorced,2022.0,16612,1,Yes,19,3,1,1,10,3.0,2.0,10.0,2,7,8
32.0,0,Non-Travel,300,Research & Development,1,3,Life Sciences,882,4.0,Male,61,3,1,Laboratory Technician,4.0,Divorced,2314.0,9148,0,No,12,3,2,1,4,2.0,3.0,3.0,0,0,2
36.0,0,Travel_Rarely,583,Sales,4,1,Marketing,885,3.0,Male,87,2,2,Sales Executive,1.0,Married,4256.0,18154,1,No,12,3,1,0,5,1.0,4.0,5.0,2,0,3
49.0,0,Travel_Rarely,1418,Research & Development,1,3,Technical Degree,887,3.0,Female,36,3,1,Research Scientist,1.0,Married,3580.0,10554,2,No,16,3,2,1,7,2.0,3.0,4.0,2,0,2
24.0,0,Non-Travel,1269,Research & Development,4,1,Life Sciences,888,1.0,Male,46,2,1,Laboratory Technician,4.0,Married,3162.0,10778,0,No,17,3,4,0,6,2.0,2.0,5.0,2,3,4
36.0,0,Travel_Frequently,379,Sales,5,2,Life Sciences,889,2.0,Male,48,3,2,Sales Executive,2.0,Married,6524.0,8891,1,No,14,3,4,1,10,3.0,3.0,10.0,8,5,3
38.0,0,Travel_Rarely,395,Sales,9,3,Marketing,893,2.0,Male,98,2,1,Sales Representative,2.0,Married,4960.0,12102,0,No,19,3,4,1,3,3.0,3.0,2.0,2,1,2
42.0,0,Travel_Rarely,1265,Research & Development,3,3,Life Sciences,894,3.0,Female,95,4,2,Laboratory Technician,4.0,Married,5231.0,23726,2,Yes,13,3,2,1,17,1.0,3.0,5.0,3,1,3
31.0,0,Travel_Rarely,1222,Research & Development,11,4,Life Sciences,895,4.0,Male,48,3,1,Research Scientist,4.0,Married,2356.0,14871,3,Yes,19,3,2,1,8,2.0,3.0,6.0,4,0,2
29.0,1,Travel_Rarely,341,Sales,1,3,Medical,896,2.0,Female,48,2,1,Sales Representative,3.0,Divorced,2800.0,23522,6,Yes,19,3,3,3,5,3.0,3.0,3.0,2,0,2
53.0,0,Travel_Rarely,868,Sales,8,3,Marketing,897,1.0,Male,73,3,4,Sales Executive,4.0,Married,11836.0,22789,5,No,14,3,3,1,28,3.0,3.0,2.0,0,2,2
35.0,0,Travel_Rarely,672,Research & Development,25,3,Technical Degree,899,3.0,Male,78,2,3,Manufacturing Director,2.0,Married,10903.0,9129,3,No,16,3,1,0,16,2.0,3.0,13.0,10,4,8
37.0,0,Travel_Frequently,1231,SALES,21,2,Medical,900,3.0,Female,54,3,1,Sales Representative,4.0,Married,2973.0,21222,5,No,15,3,2,1,10,3.0,3.0,5.0,4,0,0
53.0,0,Travel_Rarely,102,Research & Development,23,4,Life Sciences,901,4.0,Female,72,3,4,Research Director,4.0,Single,14275.0,20206,6,No,18,3,3,0,33,0.0,3.0,12.0,9,3,8
43.0,0,Travel_Frequently,422,Research & Development,1,3,Life Sciences,902,4.0,Female,33,3,2,Healthcare Representative,4.0,Married,5562.0,21782,4,No,13,3,2,1,12,2.0,2.0,5.0,2,2,2
47.0,0,Travel_Rarely,249,Sales,2,2,Marketing,903,3.0,Female,35,3,2,Sales Executive,4.0,Married,4537.0,17783,0,Yes,22,4,1,1,8,2.0,3.0,7.0,6,7,7
37.0,0,Non-Travel,1252,Sales,19,2,Medical,904,3.0,Male,32,3,3,Sales Executive,2.0,Single,7642.0,4814,1,Yes,13,3,4,0,10,2.0,3.0,10.0,0,0,9
50.0,0,Non-Travel,881,Research & Development,2,4,Life Sciences,905,1.0,Male,98,3,4,Manager,1.0,Divorced,17924.0,4544,1,No,11,3,4,1,31,3.0,3.0,31.0,6,14,7
36.0,0,Travel_Rarely,1383,Human Resources,2,3,Life Sciences,909,4.0,Female,42,2,2,Human Resources,4.0,Married,4960.0,7790,8,No,11,3,3,2,13,2.0,3.0,5.0,4,0,4
33.0,0,Travel_Rarely,1075,Human Resources,3,2,Human Resources,910,4.0,Male,57,3,1,Human Resources,2.0,Divorced,2277.0,22650,3,Yes,11,3,3,1,7,4.0,4.0,4.0,3,0,3
32.0,1,Travel_Rarely,374,Research & Development,25,4,Life Sciences,911,1.0,Male,87,3,1,Laboratory Technician,3.0,Single,2795.0,18016,1,Yes,24,4,3,0,1,2.0,1.0,1.0,0,0,1
29.0,0,Travel_Rarely,1086,Research & Development,7,1,Medical,912,1.0,Female,62,2,1,Laboratory Technician,4.0,Divorced,2532.0,6054,6,No,14,3,3,3,8,5.0,3.0,4.0,3,0,3
36.0,0,Travel_Rarely,661,Research & Development,9,2,Life Sciences,913,2.0,Male,61,3,1,Research Scientist,1.0,Married,2559.0,7508,1,Yes,13,3,4,0,8,0.0,3.0,8.0,7,7,1
28.0,0,Travel_Rarely,821,Sales,5,4,Medical,916,1.0,Male,98,3,2,Sales Executive,4.0,Single,4908.0,24252,1,No,14,3,2,0,4,3.0,3.0,4.0,2,0,2
58.0,1,Travel_Frequently,781,Research & Development,2,1,Life Sciences,918,4.0,Male,57,2,1,Laboratory Technician,3.0,Divorced,2380.0,13384,9,Yes,14,3,4,1,3,3.0,2.0,1.0,0,0,0
43.0,0,Travel_Rarely,177,Research & Development,8,3,Life Sciences,920,1.0,Female,55,3,2,Manufacturing Director,2.0,Divorced,4765.0,23814,4,No,21,4,3,1,4,2.0,4.0,1.0,0,0,0
20.0,1,Travel_Rarely,500,Sales,2,3,Medical,922,3.0,Female,49,2,1,Sales Representative,3.0,Single,2044.0,22052,1,No,13,3,4,0,2,3.0,2.0,2.0,2,0,2
21.0,1,Travel_Rarely,1427,Research & Development,18,1,Other,923,3.0,Female,65,3,1,Research Scientist,4.0,Single,2693.0,8870,1,No,19,3,1,0,1,3.0,2.0,1.0,0,0,0
36.0,0,Travel_Rarely,1425,Research & Development,14,1,Life Sciences,924,3.0,Male,68,3,2,Healthcare Representative,4.0,Married,6586.0,4821,0,Yes,17,3,1,1,17,2.0,2.0,16.0,8,4,11
47.0,0,Travel_Rarely,1454,Sales,2,4,Life Sciences,925,4.0,Female,65,2,1,Sales Representative,4.0,Single,3294.0,13137,1,Yes,18,3,1,0,3,3.0,2.0,3.0,2,1,2
22.0,1,Travel_Rarely,617,Research & Development,3,1,Life Sciences,926,2.0,Female,34,3,2,Manufacturing Director,3.0,Married,4171.0,10022,0,Yes,19,3,1,1,4,3.0,4.0,3.0,2,0,2
41.0,1,Travel_Rarely,1085,Research & Development,2,4,Life Sciences,927,2.0,Female,57,1,1,Laboratory Technician,4.0,Divorced,2778.0,17725,4,Yes,13,3,3,1,10,1.0,3.0,7.0,7,1,0
28.0,0,Travel_Rarely,995,Research & Development,9,3,Medical,930,3.0,Female,77,3,1,Research Scientist,3.0,Divorced,2377.0,9834,5,No,18,3,2,1,6,2.0,3.0,2.0,2,2,2
39.0,1,Travel_Rarely,1122,Research & Development,6,3,Medical,932,4.0,Male,70,3,1,Laboratory Technician,1.0,Married,2404.0,4303,7,Yes,21,4,4,0,8,2.0,1.0,2.0,2,2,2
27.0,0,Travel_Rarely,618,Research & Development,4,3,Life Sciences,933,2.0,Unknown,76,3,1,Research Scientist,3.0,Single,2318.0,17808,1,No,19,3,3,0,1,2.0,3.0,1.0,1,0,0
34.0,0,Travel_Rarely,546,Research & Development,10,3,Life Sciences,934,3.0,Male,83,3,1,laboratory technician,2.0,Divorced,4960.0,6896,1,No,14,3,2,2,1,3.0,3.0,1.0,0,1,0
42.0,0,Travel_Rarely,462,Sales,14,2,Medical,936,3.0,Female,68,2,2,Sales Executive,3.0,Single,6244.0,7824,7,No,17,3,1,0,10,6.0,3.0,5.0,4,0,3
33.0,0,Travel_Rarely,1198,Research & Development,1,4,Other,939,3.0,Male,100,2,1,Research Scientist,1.0,Single,2799.0,3339,3,Yes,11,3,2,0,6,1.0,3.0,3.0,2,0,2
58.0,0,Travel_Rarely,1272,Research & Development,5,3,Technical Degree,940,3.0,Female,37,2,3,Healthcare Representative,2.0,Divorced,750000.0,9255,2,Yes,13,3,4,1,24,3.0,3.0,6.0,0,0,4
31.0,0,Travel_Rarely,154,Sales,7,4,Life Sciences,941,2.0,Male,41,2,1,Sales Representative,3.0,Married,2329.0,11737,3,No,15,3,2,0,13,2.0,4.0,7.0,7,5,2
35.0,0,Travel_Rarely,1137,Research & Development,21,1,Life Sciences,942,4.0,Female,51,3,2,Healthcare Representative,4.0,Married,4014.0,19170,1,Yes,25,4,4,1,10,2.0,1.0,10.0,6,0,7
49.0,0,Travel_Rarely,527,Research & Development,8,2,Other,944,1.0,Female,51,3,3,Laboratory Technician,2.0,Married,7403.0,22477,4,No,11,3,3,1,29,3.0,2.0,26.0,9,1,7
48.0,0,Travel_Rarely,1469,Research & Development,20,4,Medical,945,4.0,Male,51,3,1,Research Scientist,3.0,Other,2259.0,5543,4,No,17,3,1,2,13,2.0,2.0,0.0,0,0,0
31.0,0,Non-Travel,1188,Sales,20,2,Marketing,947,4.0,Female,45,3,2,Sales Executive,3.0,Married,4960.0,24406,1,No,13,3,4,1,9,2.0,2.0,9.0,8,0,0
36.0,0,Travel_Rarely,188,Research & Development,7,4,Other,949,3.0,Male,65,3,1,Research Scientist,4.0,Single,4678.0,23293,2,No,18,3,3,0,8,6.0,3.0,6.0,2,0,1
38.0,0, Travel_Rarely,1333,Research & Development,1,3,Technical Degree,950,4.0,Female,80,3,3,Research Director,1.0,Married,13582.0,16292,1,No,13,3,2,1,15,3.0,3.0,15.0,12,5,11
32.0,0,Non-Travel,1184,Research & Development,1,3,Life Sciences,951,3.0,Female,70,2,1,Laboratory Technician,2.0,Married,2332.0,3974,6,No,20,4,3,0,5,3.0,3.0,3.0,0,0,2
25.0,1,Travel_Rarely,867,Sales,19,2,Marketing,952,3.0,Male,36,2,1,Sales Representative,2.0,Married,2413.0,18798,1,Yes,18,3,3,3,1,2.0,3.0,1.0,0,0,0
40.0,0,Travel_Rarely,658,Sales,10,4,Marketing,954,1.0,Male,67,2,3,Sales Executive,2.0,Divorced,9705.0,20652,2,No,12,3,2,1,11,2.0,2.0,1.0,0,0,0
26.0,0,Travel_Frequently,1283,Sales,1,3,Medical,956,3.0,Male,52,2,2,Sales Executive,1.0,Single,4294.0,11148,1,No,12,3,2,0,7,2.0,3.0,7.0,7,0,7
41.0,0,Travel_Rarely,263,Research & Development,6,3,Medical,957,4.0,Male,59,3,1,Laboratory Technician,1.0,Single,4721.0,3119,2,Yes,13,3,3,0,20,3.0,3.0,18.0,13,2,17
36.0,0,Travel_Rarely,938,Research & Development,2,4,Medical,958,3.0,Male,79,3,1,Laboratory Technician,3.0,Single,2519.0,12287,4,No,21,4,3,0,16,6.0,3.0,11.0,8,3,9
19.0,1,Travel_Rarely,419,Sales,21,3,Other,959,4.0,Male,37,2,1,Sales Representative,2.0,Single,2121.0,9947,1,Yes,13,3,2,0,1,3.0,4.0,1.0,0,0,0
20.0,1,Travel_Rarely,129,Research & Development,4,3,Technical Degree,960,1.0,Male,84,3,1,Laboratory Technician,1.0,Single,2973.0,13008,1,No,19,3,2,0,1,2.0,3.0,5.0,0,0,0
31.0,0,Travel_Rarely,616,Research & Development,12,3,Medical,961,4.0,Female,41,3,2,Healthcare Representative,4.0,Married,5855.0,17369,0,Yes,11,3,3,2,10,3.0,1.0,5.0,7,8,5
40.0,0,Travel_Frequently,1469,Research & Development,9,4,Medical,964,4.0,Male,35,3,1,Research Scientist,2.0,Divorced,3617.0,25063,8,Yes,14,3,4,1,3,2.0,3.0,1.0,1,0,0
32.0,0,Travel_Rarely,498,Research & Development,3,4,Medical,966,3.0,Female,93,3,2,Manufacturing Director,3.0,Married,6725.0,13554,1,No,12,3,3,1,8,2.0,4.0,8.0,7,6,3
36.0,1,Travel_Rarely,530,Sales,3,1,Life Sciences,967,3.0,Male,51,2,3,Sales Executive,4.0,Married,10325.0,5518,1,Yes,11,3,1,1,16,6.0,3.0,16.0,7,3,7
33.0,0,Travel_Rarely,1069,research & development,1,3,Life Sciences,969,2.0,Female,42,2,2,Healthcare Representative,4.0,Single,4960.0,12291,0,No,14,3,1,0,6,3.0,3.0,5.0,0,1,4
37.0,1,Travel_Rarely,625,Sales,1,4,Life Sciences,970,3.0,Male,46,2,3,Sales Executive,3.0,Married,10609.0,14922,5,No,11,3,3,0,17,2.0,1.0,14.0,1,11,7
45.0,0,Non-Travel,805,Research & Development,4,2,Life Sciences,972,3.0,Male,57,3,2,Laboratory Technician,2.0,Married,4447.0,23163,1,No,12,3,2,0,9,5.0,2.0,9.0,7,0,8
29.0,0,Travel_Frequently,1404,Sales,20,3,Technical Degree,974,3.0,Female,84,3,1,Sales Representative,4.0,Married,2157.0,18203,1,No,15,3,2,1,3,5.0,3.0,3.0,1,0,2
35.0,0,Travel_Rarely,1219,Sales,18,3,Medical,975,3.0,Female,86,3,2,Sales Executive,3.0,Married,4601.0,6179,1,No,16,3,2,0,5,3.0,3.0,5.0,2,1,0
52.0,0,Travel_Rarely,1053,Research & Development,1,2,Life Sciences,976,4.0,Male,70,3,4,Manager,4.0,Married,17099.0,13829,2,No,15,3,2,1,26,2.0,2.0,9.0,8,7,8
58.0,1,Travel_Rarely,289,Research & Development,2,3,Technical Degree,977,4.0,Male,51,3,1,Research Scientist,3.0,Single,2479.0,26227,4,No,24,4,1,0,7,4.0,3.0,1.0,0,0,0
53.0,0,Travel_Rarely,1376,Sales,2,2,Medical,981,3.0,Male,45,3,4,Manager,3.0,Divorced,14852.0,13938,6,No,13,3,3,1,22,3.0,4.0,17.0,13,15,2
30.0,0,Travel_Rarely,231,Sales,8,2,Other,982,3.0,Male,62,3,3,Sales Executive,3.0,Divorced,7264.0,9977,5,No,11,3,1,1,10,2.0,4.0,8.0,4,7,7
38.0,0,Non-Travel,152,Sales,10,3,Technical Degree,983,3.0,Female,85,3,2,Sales Executive,4.0,Single,5666.0,19899,1,Yes,13,3,2,0,6,1.0,3.0,5.0,3,1,3
35.0,0,Travel_Rarely,882,Sales,3,4,Life Sciences,984,4.0,Male,92,3,3,Sales Executive,4.0,Divorced,7823.0,6812,6,No,13,3,2,1,12,2.0,3.0,10.0,9,0,8
39.0,0,Travel_Rarely,903,Sales,2,5,Life Sciences,985,1.0,Male,41,4,3,Sales Executive,3.0,Single,7880.0,2560,0,No,18,3,4,0,9,3.0,3.0,8.0,7,0,7
36.0,1,Non-Travel,1479,Sales,24,3,Life Sciences,986,2.0,Female,100,4,4,Sales Executive,2.0,Single,13194.0,17071,4,Yes,16,3,4,0,22,2.0,2.0,1.0,0,0,0
36.0,0,Travel_Frequently,1379,Research & Development,16,4,Medical,987,3.0,Male,64,4,2,Manufacturing Director,3.0,Divorced,5067.0,6759,1,Yes,19,3,3,0,20,3.0,4.0,19.0,10,2,7
36.0,0,Non-Travel,1229,Sales,8,4,Technical Degree,990,1.0,Male,84,3,2,Sales Executive,4.0,Divorced,5079.0,25952,4,No,13,3,4,2,12,3.0,3.0,7.0,7,0,7
31.0,1,Non-Travel,335,Research & Development,9,2,Medical,991,3.0,Male,46,2,1,Research Scientist,1.0,Single,2321.0,10322,0,Yes,22,4,1,0,4,0.0,3.0,3.0,2,1,2
33.0,0,Non-Travel,722,Sales,17,3,Life Sciences,992,4.0,Male,38,3,4,Manager,3.0,Single,17444.0,20489,1,No,11,3,4,0,10,2.0,3.0,10.0,8,6,0
36.0,1,Travel_Rarely,906,Research & Development,10,3,Life Sciences,994,4.0,Female,92,2,1,Research Scientist,1.0,Single,2404.0,11479,6,Yes,20,4,3,0,3,5.0,3.0,0.0,0,0,0
36.0,0,Travel_Rarely,461,Research & Development,13,1,Life Sciences,995,2.0,Female,53,3,1,Research Scientist,4.0,Single,3452.0,17241,3,No,18,3,1,0,5,4.0,3.0,3.0,2,0,2
45.0,0,Travel_Rarely,974,Research & Development,1,4,Medical,996,4.0,Female,91,3,1,Laboratory Technician,4.0,Divorced,2270.0,11005,3,No,14,3,4,2,8,2.0,3.0,5.0,3,0,2
50.0,0,Travel_Rarely,1126,research & development,1,2,Medical,997,4.0,Male,66,3,4,Research Director,4.0,Divorced,17399.0,6615,9,No,22,4,3,1,32,1.0,2.0,5.0,4,1,3
33.0,0,Travel_Frequently,827,Research & Development,1,4,Other,998,3.0,Female,84,4,2,Healthcare Representative,2.0,Married,5488.0,20161,1,Yes,13,3,1,1,6,2.0,3.0,6.0,5,1,2
41.0,0,Travel_Frequently,840,Research & Development,9,3,Medical,999,1.0,Male,64,3,5,Research Director,3.0,Divorced,19419.0,3735,2,No,17,3,2,1,21,2.0,4.0,18.0,16,0,11
27.0,0,Travel_Rarely,1134,Research & Development,16,4,Technical Degree,1001,3.0,Female,37,3,1,Laboratory Technician,2.0,Married,2811.0,12086,9,No,14,3,2,1,4,2.0,3.0,2.0,2,2,2
45.0,0,Non-Travel,248,Research & Development,23,2,Life Sciences,1002,4.0,Male,42,3,2,Laboratory Technician,1.0,Married,3633.0,14039,1,Yes,15,3,3,1,9,2.0,3.0,9.0,8,0,8
47.0,0,Travel_Rarely,955,Sales,4,2,Life Sciences,1003,3.0,Female,83,3,2,Sales Executive,4.0,Single,4163.0,8571,1,Yes,17,3,3,0,9,0.0,3.0,9.0,0,0,7
30.0,1,Travel_Rarely,138,Research & Development,22,3,Life Sciences,1004,1.0,Female,48,3,1,Research Scientist,3.0,Married,2132.0,11539,4,Yes,11,3,2,0,7,2.0,3.0,5.0,2,0,1
50.0,0,Travel_Rarely,939,Research & Development,24,3,Life Sciences,1005,4.0,Male,95,3,4,Manufacturing Director,3.0,Married,4960.0,4161,3,Yes,18,3,4,1,22,2.0,3.0,12.0,11,1,5
38.0,0,Travel_Frequently,1391,Research & Development,10,1,Medical,1006,3.0,Male,66,3,1,RESEARCH SCIENTIST,3.0,Married,2684.0,12127,0,No,17,3,2,1,3,0.0,2.0,2.0,1,0,2
46.0,0,Travel_Rarely,566,Research & Development,7,2,Medical,1007,4.0,Male,75,3,3,Manufacturing Director,3.0,Divorced,10845.0,24208,6,No,13,3,2,1,13,3.0,3.0,8.0,7,0,7
24.0,0,Travel_Rarely,1206,Research & Development,17,1,Medical,1009,4.0,Female,41,2,2,Manufacturing Director,3.0,Divorced,4377.0,24117,1,No,15,3,2,2,5,6.0,3.0,4.0,2,3,2
35.0,1,Travel_Rarely,622,Research & Development,14,4,Other,1010,3.0,Male,39,2,1,Laboratory Technician,2.0,Divorced,3743.0,10074,1,Yes,24,4,4,1,5,2.0,1.0,4.0,2,0,2
31.0,0,Travel_Frequently,853,Research & Development,1,1,Life Sciences,1011,3.0,Female,96,3,2,Manufacturing Director,3.0,Married,4148.0,11275,1,No,12,3,3,1,4,1.0,3.0,4.0,3,0,3
18.0,0,Non-Travel,287,Research & Development,5,2,Life Sciences,1012,2.0,Male,73,3,1,Research Scientist,4.0,Single,1051.0,13493,1,No,15,3,4,0,0,2.0,3.0,0.0,0,0,0
54.0,0,Travel_Rarely,1441,Research & Development,17,3,Technical Degree,1013,3.0,Female,56,3,3,Manufacturing Director,3.0,Married,10739.0,13943,8,No,11,3,3,1,22,2.0,3.0,10.0,7,0,8
35.0,0,Travel_Rarely,583,Research & Development,25,4,Medical,1014,3.0,Female,57,3,3,Healthcare Representative,3.0,Divorced,10388.0,6975,1,Yes,11,3,3,1,16,3.0,2.0,16.0,10,10,1
30.0,0,Travel_Rarely,153,Research & Development,8,2,Life Sciences,1015,2.0,Female,73,4,3,Research Director,1.0,Married,11416.0,17802,0,Yes,12,3,3,3,9,4.0,2.0,8.0,7,1,7
20.0,1,Travel_Rarely,1097,Research & Development,11,3,Medical,1016,4.0,Female,98,2,1,Research Scientist,1.0,Single,2600.0,18275,1,Yes,15,3,1,0,1,2.0,3.0,1.0,0,0,0
30.0,1,Travel_Frequently ,109,Research & Development,5,3,Medical,1017,2.0,Female,60,3,1,laboratory technician,2.0,Single,2422.0,25725,0,No,17,3,1,0,4,3.0,3.0,3.0,2,1,2
26.0,0,Travel_Rarely,1066,Research & Development,2,2,Medical,1018,4.0,Male,32,4,2,Manufacturing Director,4.0,Married,5472.0,3334,1,No,12,3,2,0,8,2.0,3.0,8.0,7,1,3
22.0,0,Travel_Rarely,217,Research & Development,8,1,Life Sciences,1019,2.0,Male,94,1,1,Laboratory Technician,1.0,Married,2451.0,6881,1,No,15,3,1,1,4,3.0,2.0,4.0,3,1,1
36.0,0,Travel_Rarely,277,Research & Development,6,3,Life Sciences,1022,3.0,Male,97,2,2,Healthcare Representative,3.0,Single,4240.0,13119,2,No,13,3,4,0,19,0.0,3.0,2.0,2,2,2
48.0,0,Travel_Rarely,1355,Research & Development,4,4,Life Sciences,1024,3.0,Male,78,2,3,Healthcare Representative,3.0,Complicated,10999.0,22245,7,No,14,3,2,0,27,3.0,3.0,15.0,11,4,8
41.0,0,Travel_Rarely,549,Research & Development,7,2,Medical,1025,4.0,Female,42,3,2,MANUFACTURING DIRECTOR,3.0,Single,5003.0,23371,6,No,14,3,2,0,8,6.0,3.0,2.0,2,2,1
39.0,0,Travel_Rarely,466,Research & Development,1,1,Life Sciences,1026,4.0,Female,65,2,4,Manufacturing Director,4.0,Married,12742.0,7060,1,No,16,3,3,1,21,3.0,3.0,21.0,6,11,8
27.0,0,Travel_Rarely,1055,Research & Development,2,4,Life Sciences,1027,3.0,Female,47,3,2,Manufacturing Director,4.0,Married,4227.0,4658,0,No,18,3,2,1,4,2.0,3.0,3.0,2,2,2
35.0,0,Travel_Rarely,802,Research & Development,10,3,Other,1028,3.0,Male,45,3,1,Laboratory Technician,4.0,Divorced,3917.0,9541,1,No,20,4,1,1,3,4.0,2.0,3.0,2,1,2
42.0,0,Travel_Rarely,265,Sales,5,2,Marketing,1029,4.0,Male,90,3,5,Manager,3.0,Married,18303.0,7770,6,No,13,3,2,0,21,3.0,4.0,1.0,0,0,0
50.0,0,Travel_Rarely,804,Research & Development,9,3,Life Sciences,1030,1.0,Male,64,3,1,Laboratory Technician,4.0,Married,4960.0,20165,4,No,18,3,2,0,8,5.0,3.0,1.0,0,0,0
59.0,0, Travel_Rarely,715,Research & Development,2,3,Life Sciences,1032,3.0,Female,69,2,4,Manufacturing Director,4.0,Single,13726.0,21829,3,Yes,13,3,1,0,30,4.0,3.0,5.0,3,4,3
37.0,1,Travel_Rarely,1141,Research & Development,11,2,Medical,1033,1.0,Female,61,1,2,Healthcare Representative,2.0,Married,4777.0,14382,5,No,15,3,1,0,15,2.0,1.0,1.0,0,0,0
55.0,0,Travel_Frequently,135,Research & Development,18,4,Medical,1034,3.0,Male,62,3,2,Healthcare Representative,2.0,Married,6385.0,12992,3,Yes,14,3,4,2,17,3.0,3.0,8.0,7,6,7
36.0,0,Non-Travel,247,Research & Development,7,1,Life Sciences,1035,3.0,Female,55,1,5,Research Director,3.0,Divorced,4960.0,20284,1,No,22,4,2,2,21,3.0,3.0,21.0,16,5,10
38.0,0,Travel_Rarely,1035,Sales,3,4,Life Sciences,1036,2.0,Male,42,3,2,Sales Executive,4.0,Single,6861.0,4981,8,Yes,12,3,3,0,19,1.0,3.0,1.0,0,0,0
99.0,1,Non-Travel,265,Sales,29,2,Medical,1037,2.0,Male,79,1,2,Sales Executive,1.0,Single,4969.0,21813,8,No,18,3,4,0,7,6.0,3.0,2.0,2,2,2
52.0,1,Travel_Rarely,266,Sales,2,1,Marketing,1038,1.0,Female,57,1,5,Manager,4.0,Married,19845.0,25846,1,No,15,3,4,1,33,3.0,3.0,32.0,14,6,9
44.0,0,Travel_Rarely,1448,Sales,28,3,Medical,1039,4.0,Female,53,4,4,Sales Executive,3.0,Married,13320.0,11737,3,Yes,18,3,3,1,23,2.0,3.0,12.0,11,11,11
36.0,0,Non-Travel,145,Sales,1,3,Life Sciences,1040,3.0,Female,95,3,2,Sales Executive,3.0,Married,6347.0,24920,0,No,12,3,1,1,19,3.0,3.0,18.0,7,0,13
36.0,1,Travel_Rarely,885,Research & Development,16,4,Life Sciences,1042,3.0,Female,43,4,1,Laboratory Technician,1.0,Single,2743.0,8269,1,No,16,3,3,0,18,1.0,3.0,17.0,13,15,14
39.0,0,Travel_Frequently,945,Research & Development,22,3,Medical,1043,4.0,Female,82,3,3,Manufacturing Director,1.0,Single,10880.0,5083,1,Yes,13,3,3,0,21,2.0,3.0,21.0,6,2,8
33.0,0,Non-Travel,1038,Sales,8,1,Life Sciences,1044,2.0,Female,88,2,1,Sales Representative,4.0,Single,2342.0,21437,0,No,19,3,4,0,3,2.0,2.0,2.0,2,2,2
45.0,0,Travel_Rarely,1234,Sales,11,2,Life Sciences,1045,3.0,Female,90,3,4,Manager,4.0,Married,17650.0,5404,3,No,13,3,2,1,26,4.0,4.0,9.0,3,1,1
32.0,0,Non-Travel,1109,Research & Development,29,4,Medical,1046,4.0,Female,69,3,1,Laboratory Technician,3.0,Single,4025.0,11135,9,No,12,3,2,0,10,2.0,3.0,8.0,7,7,7
34.0,0,Travel_Rarely,216,Sales,1,4,Marketing,1047,2.0,Male,75,4,2,Sales Executive,4.0,Divorced,9725.0,12278,0,No,11,3,4,1,16,2.0,2.0,15.0,1,0,9
59.0,0,Travel_Rarely,1089,Sales,1,2,Technical Degree,1048,2.0,Male,66,3,3,Manager,4.0,Married,11904.0,11038,3,Yes,14,3,3,1,14,1.0,1.0,6.0,4,0,4
45.0,0,Travel_Rarely,788,Human Resources,24,4,Medical,1049,2.0,Male,36,3,1,Human Resources,2.0,Single,2177.0,8318,1,No,16,3,1,0,6,3.0,3.0,6.0,3,0,4
53.0,0,Travel_Frequently,124,Sales,2,3,Marketing,1050,3.0,Female,38,2,3,Sales Executive,2.0,Married,7525.0,23537,2,No,12,3,1,1,30,2.0,3.0,15.0,7,6,12
36.0,1,Travel_Rarely,660,Research & Development,15,3,Other,1052,1.0,Male,81,3,2,Laboratory Technician,3.0,Divorced,4834.0,7858,7,No,14,3,2,1,9,3.0,3.0,1.0,0,0,0
26.0,1,Travel_Frequently,342,Research & Development,2,3,Life Sciences,1053,1.0,Male,57,3,1,Research Scientist,1.0,Married,2042.0,15346,6,Yes,14,3,2,1,6,2.0,3.0,3.0,2,1,2
99.0,0,Travel_Rarely,1333,Sales,10,4,Life Sciences,1055,3.0,Female,87,3,1,Sales Representative,3.0,Married,2220.0,18410,1,Yes,19,3,4,1,1,2.0,3.0,1.0,1,0,0
28.0,0,Travel_Rarely,1144,Sales,10,1,Medical,1056,4.0,Male,74,3,1,Sales Representative,2.0,Married,1052.0,23384,1,No,22,4,2,0,1,5.0,3.0,5.0,0,0,0
38.0,0,Travel_Frequently,1186,Research & Development,3,4,Other,1060,3.0,Male,44,3,1,Research Scientist,3.0,Married,2821.0,2997,3,No,16,3,1,1,8,2.0,3.0,2.0,2,2,2
50.0,0,Travel_Rarely,1464,Research & Development,2,4,Medical,1061,2.0,Male,62,3,5,Research Director,3.0,Married,19237.0,12853,2,Yes,11,3,4,1,29,2.0,2.0,8.0,1,7,7
37.0,0,Travel_Rarely,124,Research & Development,3,3,Other,1062,3.0,Female,35,3,2,Healthcare Representative,2.0,Single,4960.0,13848,3,No,15,3,1,0,8,3.0,2.0,4.0,3,0,1
40.0,0,Travel_Rarely,300,Sales,26,3,Marketing,1066,3.0,Male,74,3,2,Sales Executive,1.0,Married,8396.0,22217,1,No,14,3,2,1,8,3.0,2.0,7.0,7,7,5
26.0,0,Travel_Frequently,921,Research & Development,1,1,Medical,1068,1.0,Female,66,2,1,Research Scientist,3.0,Divorced,2007.0,25265,1,No,13,3,3,2,5,5.0,3.0,5.0,3,1,3
46.0,0,Travel_Rarely,430,Research & Development,1,4,Medical,1069,3.0,Male,40,3,5,Research Director,4.0,Divorced,19627.0,21445,9,No,17,3,4,2,23,0.0,3.0,2.0,2,2,2
54.0,0,Travel_Rarely,1082,Sales,2,4,Life Sciences,1070,3.0,Female,41,2,3,Sales Executive,3.0,Married,10686.0,8392,6,No,11,3,2,1,13,4.0,3.0,9.0,4,7,0
56.0,0,Travel_Frequently,1240,Research & Development,9,3,Medical,1071,1.0,Female,63,3,1,Research Scientist,3.0,Married,2942.0,12154,2,No,19,3,2,1,18,4.0,3.0,5.0,4,0,3
36.0,0,Travel_Rarely,796,Research & Development,12,5,Medical,1073,4.0,Female,51,2,3,MANUFACTURING DIRECTOR,4.0,Single,8858.0,15669,0,No,11,3,2,0,15,2.0,2.0,14.0,8,7,8
55.0,0,Non-Travel,444,Research & Development,2,1,Medical,1074,3.0,Male,40,2,4,Manager,1.0,Single,16756.0,17323,7,No,15,3,2,0,31,3.0,4.0,5.0,7,6,2
36.0,0,Travel_Rarely,415,Sales,25,3,Medical,1076,3.0,Male,79,2,3,Sales Executive,4.0,Divorced,10798.0,5268,5,No,13,3,3,1,18,5.0,3.0,1.0,0,0,0
20.0,1,Travel_Frequently,769,Sales,9,3,Marketing,1077,4.0,Female,54,3,1,Sales Representative,4.0,Single,2323.0,17205,1,Yes,14,3,2,0,2,3.0,3.0,2.0,2,0,2
21.0,1,Travel_Rarely,1334,Research & Development,10,3,Life Sciences,1079,3.0,Female,36,2,1,Laboratory Technician,1.0,Single,4960.0,17258,1,No,13,3,1,0,1,6.0,2.0,1.0,0,1,0
46.0,0,Travel_Rarely,1003,Research & Development,8,4,Life Sciences,1080,4.0,Female,74,2,2,Research Scientist,1.0,Divorced,4960.0,21029,8,Yes,23,4,1,3,19,2.0,3.0,16.0,13,1,7
51.0,1,Travel_Rarely,1323,Research & Development,4,4,Life Sciences,1081,1.0,Male,34,3,1,Research Scientist,3.0,Married,2461.0,10332,9,Yes,12,3,3,3,18,2.0,4.0,10.0,0,2,7
28.0,1,Non-Travel,1366,Research & Development,24,2,Technical Degree,1082,2.0,Male,72,2,3,Healthcare Representative,3.0,Single,8722.0,12355,1,No,12,3,1,0,10,2.0,2.0,10.0,7,1,9
26.0,0,Travel_Rarely,192,Research & Development,1,2,Medical,1083,1.0,Male,59,2,1,Laboratory Technician,1.0,Married,3955.0,11141,1,No,16,3,1,2,6,2.0,3.0,5.0,3,1,3
30.0,0,Travel_Rarely,1176,Research & Development,20,3,Other,1084,3.0,Male,85,3,2,Manufacturing Director,3.0,Married,9957.0,9096,0,No,15,3,3,1,7,1.0,2.0,6.0,2,0,2
41.0,0,Travel_Rarely,509,Research & Development,7,2,Technical Degree,1085,2.0,Female,43,4,1,Research Scientist,3.0,Married,3376.0,18863,1,No,13,3,3,0,10,3.0,3.0,5.0,6,0,8
38.0,0,Travel_Rarely,330,Research & Development,17,1,Life Sciences,1088,3.0,Female,65,2,3,Healthcare Representative,3.0,Married,8823.0,24608,0,No,18,3,1,1,20,4.0,2.0,19.0,9,1,9
36.0,0,Travel_Rarely,1492,Research & Development,20,4,Technical Degree,1092,1.0,Male,61,3,3,healthcare representative,4.0,Married,4960.0,26542,4,No,20,4,4,1,14,6.0,3.0,11.0,10,11,1
27.0,0,Non-Travel,1277,Research & Development,8,5,Life Sciences,1094,1.0,Male,87,1,1,Laboratory Technician,3.0,Married,4960.0,5869,1,No,19,3,4,3,3,4.0,3.0,3.0,2,1,2
55.0,0,Travel_Frequently,1091,Research & Development,2,1,Life Sciences,1096,4.0,Male,65,3,3,Manufacturing Director,2.0,Married,10976.0,15813,3,No,18,3,2,1,23,4.0,3.0,3.0,2,1,2
28.0,0,Travel_Rarely,857,Research & Development,10,3,Other,1097,3.0,Female,59,3,2,Research Scientist,3.0,Single,3660.0,7909,3,No,13,3,4,0,10,4.0,4.0,8.0,7,1,7
44.0,1,Travel_Rarely,1376,Human Resources,1,2,Medical,1098,2.0,Male,91,2,3,Human Resources,1.0,Married,10482.0,2326,9,No,14,3,4,1,24,1.0,3.0,20.0,6,3,6
33.0,0,Travel_Rarely,654,Research & Development,5,3,Life Sciences,1099,4.0,Male,34,2,3,Healthcare Representative,4.0,Divorced,7119.0,21214,4,No,15,3,3,1,9,2.0,3.0,3.0,2,1,2
35.0,1,Travel_Rarely,1204,Sales,4,3,Technical Degree,1100,4.0,Male,86,3,3,Sales Executive,1.0,Single,9582.0,10333,0,Yes,22,4,1,0,9,2.0,3.0,8.0,7,4,7
33.0,1,Travel_Frequently,827,Research & Development,29,4,Medical,1101,1.0,Female,54,2,2,RESEARCH SCIENTIST,3.0,Single,4508.0,3129,1,No,22,4,2,0,14,4.0,3.0,13.0,7,3,8
28.0,0,Travel_Rarely,895,Research & Development,15,2,Life Sciences,1102,1.0,Male,50,3,1,LABORATORY TECHNICIAN,3.0,Divorced,2207.0,22482,1,No,16,3,4,1,4,5.0,2.0,4.0,2,2,2
34.0,0,Travel_Frequently,618,Research & Development,3,1,Life Sciences,1103,1.0,Male,45,3,2,HEALTHCARE REPRESENTATIVE,4.0,Single,7756.0,22266,0,No,17,3,3,0,7,1.0,2.0,6.0,2,0,4
37.0,0,Travel_Rarely,309,Sales,10,4,Life Sciences,1105,4.0,Female,88,2,2,Sales Executive,4.0,Divorced,6694.0,24223,2,Yes,14,3,3,3,8,5.0,3.0,1.0,0,0,0
25.0,1,Travel_Rarely,1219,Research & Development,4,1,Technical Degree,1106,4.0,Male,32,3,1,Laboratory Technician,4.0,Married,3691.0,4605,1,Yes,15,3,2,1,7,3.0,4.0,7.0,7,5,6
26.0,1,Travel_Rarely,1330,Research & Development,21,3,Medical,1107,1.0,Male,37,3,1,Laboratory Technician,3.0,Divorced,2377.0,19373,1,No,20,4,3,1,1,0.0,2.0,1.0,1,0,0
33.0,1,Travel_Rarely,1017,Research & Development,25,3,Medical,1108,1.0,Male,55,2,1,Research Scientist,2.0,Single,2313.0,2993,4,Yes,20,4,2,0,5,3.0,3.0,5.0,2,2,2
42.0,0,Travel_Rarely,469,Research & Development,2,2,Medical,1109,4.0,Male,35,3,4,Manager,1.0,Married,17665.0,14399,0,No,17,3,4,1,23,3.0,3.0,22.0,6,13,7
28.0,1,Travel_Frequently,1009,Research & Development,1,3,Medical,1111,1.0,Male,45,2,1,Laboratory Technician,2.0,Divorced,2596.0,7160,1,No,15,3,1,2,1,2.0,3.0,1.0,0,0,0
50.0,1,Travel_Frequently,959,Sales,1,4,Other,1113,3.0,Male,81,3,2,Sales Executive,3.0,Single,4728.0,17251,3,Yes,14,3,4,0,5,4.0,3.0,0.0,0,0,0
36.0,0,Travel_Frequently,970,Sales,7,3,Life Sciences,1114,4.0,Female,30,3,2,Sales Executive,2.0,Married,4302.0,13401,0,No,17,3,3,1,4,3.0,3.0,3.0,2,0,2
34.0,0,Non-Travel,697,Research & Development,3,4,Life Sciences,1115,3.0,Male,40,2,1,Research Scientist,4.0,Married,2979.0,22478,3,No,17,3,4,3,6,2.0,3.0,0.0,0,0,0
48.0,0,Non-Travel,1262,Research & Development,1,4,Medical,1116,1.0,Male,35,4,4,Manager,4.0,Single,16885.0,16154,2,No,22,4,3,0,27,3.0,2.0,5.0,4,2,1
45.0,0,Non-Travel,1050,Sales,9,4,Life Sciences,1117,2.0,Female,65,2,2,Sales Executive,3.0,Married,5593.0,17970,1,No,13,3,4,1,15,2.0,3.0,15.0,10,4,12
52.0,0,Travel_Rarely,994,Research & Development,7,4,Life Sciences,1118,2.0,Male,87,3,3,Healthcare Representative,2.0,Single,10445.0,15322,7,No,19,3,4,0,18,4.0,3.0,8.0,6,4,0
38.0,0,Travel_Rarely,770,Sales,10,4,Marketing,1119,3.0,Male,73,2,3,Sales Executive,3.0,Divorced,8740.0,5569,0,Yes,14,3,2,2,9,2.0,3.0,8.0,7,2,7
29.0,0,Travel_Rarely,1107,Research & Development,28,4,Life Sciences,1120,3.0,Female,93,3,1,Research Scientist,3.0,Divorced,2514.0,26968,4,No,22,4,1,1,11,1.0,3.0,7.0,5,1,7
28.0,0,Travel_Rarely,950,Research & Development,3,3,Medical,1121,4.0,Female,93,3,3,Manufacturing Director,2.0,Divorced,4960.0,8039,0,No,17,3,2,3,10,3.0,3.0,9.0,7,1,7
46.0,0,Travel_Rarely,406,Sales,3,1,Marketing,1124,1.0,Male,52,3,4,Manager,3.0,Married,4960.0,15596,3,No,12,3,4,1,23,3.0,3.0,12.0,9,4,9
38.0,0,Travel_Rarely,130,Sales,2,2,Marketing,1125,4.0,Male,32,3,3,Sales Executive,2.0,Single,7351.0,20619,7,No,16,3,3,0,10,2.0,3.0,1.0,0,0,0
43.0,0,Travel_Frequently,1082,Research & Development,27,3,Life Sciences,1126,3.0,Female,83,3,3,Manufacturing Director,1.0,Married,10820.0,11535,8,No,11,3,3,1,18,1.0,3.0,8.0,7,0,1
39.0,1,Travel_Frequently,203,Research & Development,2,3,Life Sciences,1127,3.0,Male,84,3,4,Healthcare Representative,4.0,Divorced,12169.0,13547,7,No,11,3,4,3,21,3.0,3.0,18.0,7,11,5
40.0,0,Travel_Rarely,1308,Research & Development,14,3,Medical,1128,3.0,Male,44,2,5,Research Director,3.0,Single,250000.0,17544,1,No,14,3,1,0,21,2.0,4.0,20.0,7,4,9
36.0,0,Travel_Rarely,984,Research & Development,1,1,Technical Degree,1131,3.0,Female,70,2,1,Research Scientist,2.0,Single,2070.0,25326,1,Yes,11,3,3,0,2,6.0,4.0,2.0,2,2,2
39.0,0,Non-Travel,439,Research & Development,9,3,Life Sciences,1132,3.0,Male,70,3,2,Laboratory Technician,2.0,Single,6782.0,8770,9,No,15,3,3,0,9,2.0,3.0,5.0,4,0,3
36.0,0,Non-Travel,217,Research & Development,18,4,Life Sciences,1133,1.0,Male,78,3,2,Manufacturing Director,4.0,Single,7779.0,23238,2,No,20,4,1,0,18,0.0,3.0,11.0,9,0,9
31.0,0,Travel_Frequently,793,Sales,20,3,Life Sciences,1135,3.0,Male,67,4,1,Sales Representative,4.0,Married,2791.0,21981,0,No,12,3,1,1,3,4.0,3.0,2.0,2,2,2
28.0,0,Travel_Rarely,1451,Research & Development,2,1,Life Sciences,1136,1.0,Male,67,2,1,Research Scientist,2.0,Married,3201.0,19911,0,No,17,3,1,0,6,2.0,1.0,5.0,3,0,4
35.0,0,Travel_Frequently,1182,SALES,11,2,Marketing,1137,4.0,Male,54,3,2,Sales Executive,4.0,Divorced,4960.0,18500,1,No,11,3,4,1,5,3.0,3.0,5.0,2,0,2
49.0,0,Travel_Rarely,174,Sales,8,4,Technical Degree,1138,4.0,Male,56,2,4,SALES EXECUTIVE,2.0,Married,13120.0,11879,6,No,17,3,2,1,22,3.0,3.0,9.0,8,2,3
34.0,0,Travel_Frequently,1003,Research & Development,2,2,Life Sciences,1140,4.0,Male,95,3,2,Manufacturing Director,3.0,Single,4033.0,15834,2,No,11,3,4,0,5,3.0,2.0,3.0,2,0,2
29.0,0,Travel_Frequently,490,Research & Development,10,3,Life Sciences,1143,4.0,Female,61,3,1,Research Scientist,2.0,Divorced,3291.0,17940,0,No,14,3,4,2,8,2.0,2.0,7.0,5,1,1
42.0,0,Travel_Rarely,188,Research & Development,29,3,Medical,1148,2.0,Male,56,1,2,Laboratory Technician,4.0,Single,4272.0,9558,4,No,19,3,1,0,16,3.0,3.0,1.0,0,0,0
29.0,0,Travel_Rarely,718,Research & Development,8,1,Medical,1150,2.0,Male,79,2,2,Manufacturing Director,4.0,Married,5056.0,17689,1,Yes,15,3,3,1,10,2.0,2.0,10.0,7,1,2
38.0,0,Travel_Rarely,433,Human Resources,1,3,Human Resources,1152,3.0,Male,37,4,1,Human Resources,3.0,Married,2844.0,6004,1,No,13,3,4,1,7,2.0,4.0,7.0,6,5,0
28.0,0,Travel_Frequently,773,Research & Development,6,3,Life Sciences,1154,3.0,Male,39,2,1,Research Scientist,3.0,Divorced,2703.0,22088,1,Yes,14,3,4,1,3,2.0,3.0,3.0,1,0,2
18.0,1,Non-Travel,247,Research & Development,8,1,Medical,1156,3.0,Male,80,3,1,Laboratory Technician,3.0,Single,1904.0,13556,1,No,12,3,4,0,0,0.0,3.0,0.0,0,0,0
33.0,1,Travel_Rarely,603,Sales,9,4,Marketing,1157,1.0,Female,77,3,2,Sales Executive,3.0,Single,8224.0,18385,0,Yes,17,3,1,0,6,3.0,3.0,5.0,2,0,3
41.0,0,Travel_Rarely,167,Research & Development,12,4,Life Sciences,1158,2.0,Male,46,3,1,Laboratory Technician,4.0,Married,4766.0,9051,3,Yes,11,3,1,1,6,4.0,3.0,1.0,0,0,0
31.0,1,Travel_Frequently,874,Research & Development,15,3,Medical,1160,3.0,Male,72,3,1,Laboratory Technician,3.0,Married,2610.0,6233,1,No,12,3,3,1,2,5.0,2.0,2.0,2,2,2
37.0,0,Travel_Rarely,367,Research & Development,25,2,Medical,1161,3.0,Female,52,2,2,Healthcare Representative,4.0,Divorced,5731.0,17171,7,No,13,3,3,2,9,2.0,3.0,6.0,2,1,3
27.0,0,Travel_Rarely,199,Research & Development,6,3,Life Sciences,1162,4.0,Male,55,2,1,Research Scientist,3.0,Married,2539.0,7950,1,No,13,3,3,1,4,0.0,3.0,4.0,2,2,2
34.0,0,Travel_Rarely,1400,Sales,9,1,Life Sciences,1163,2.0,Female,70,3,2,Sales Executive,3.0,Married,5714.0,5829,1,No,20,4,1,0,6,3.0,2.0,6.0,5,1,3
35.0,0,Travel_Rarely,528,Human Resources,8,4,Technical Degree,1164,3.0,Male,100,3,1,Human Resources,3.0,Single,4323.0,7108,1,No,17,3,2,0,6,2.0,1.0,5.0,4,1,4
29.0,1,Travel_Rarely,408,Sales,23,1,Life Sciences,1165,4.0,Female,45,2,3,SALES EXECUTIVE,1.0,Married,7336.0,11162,1,No,13,3,1,1,11,3.0,1.0,5.0,8,3,10
40.0,0,Travel_Frequently,593,Research & Development,9,4,Medical,1166,2.0,Female,88,3,3,Research Director,3.0,Single,13499.0,13782,9,No,17,3,3,0,20,3.0,2.0,18.0,7,2,13
42.0,1,Travel_Frequently,481,Sales,12,3,Life Sciences,1167,3.0,Male,44,3,4,Sales Executive,3.0,Single,13758.0,2447,0,Yes,12,3,2,0,22,2.0,2.0,21.0,9,13,14
42.0,0,Travel_Rarely,647,Sales,4,4,Marketing,1171,2.0,Male,45,3,2,Sales Executive,1.0,Single,5155.0,2253,7,No,13,3,4,0,9,3.0,4.0,6.0,4,1,5
35.0,0,Travel_Rarely,982,Research & Development,1,4,Medical,1172,4.0,Male,58,2,1,Laboratory Technician,3.0,Married,4960.0,16340,6,No,12,3,2,1,10,2.0,3.0,8.0,0,1,7
24.0,0,Travel_Rarely,477,Research & Development,24,3,Medical,1173,4.0,Male,49,3,1,Laboratory Technician,2.0,Single,3597.0,6409,8,No,22,4,4,0,6,2.0,3.0,4.0,3,1,2
28.0,1,Travel_Rarely,1485,Research & Development,12,1,Life Sciences,1175,3.0,Female,79,3,1,Laboratory Technician,4.0,Married,2515.0,22955,1,Yes,11,3,4,0,1,4.0,2.0,1.0,1,0,0
26.0,0,Travel_Rarely,1384,Research & Development,3,4,Medical,1177,3.0,Male,82,4,1,Laboratory Technician,4.0,Married,4420.0,13421,1,No,22,4,2,1,8,2.0,3.0,5.0,7,0,7
30.0,0,Travel_Rarely,852,Sales,10,3,Marketing,1179,3.0,Male,72,2,2,Sales Executive,3.0,Married,6578.0,2706,1,No,18,3,1,1,10,3.0,3.0,10.0,3,1,4
40.0,0,Travel_Frequently,902,Research & Development,26,2,Medical,1180,3.0,Female,92,2,2,Research Scientist,4.0,Married,4422.0,21203,3,Yes,13,3,4,1,16,3.0,1.0,1.0,1,0,0
35.0,0,Travel_Rarely,819,Research & Development,2,3,Life Sciences,1182,3.0,Male,44,2,3,Manufacturing Director,2.0,Divorced,10274.0,19588,2,No,18,3,2,1,15,2.0,4.0,7.0,7,6,4
34.0,0,Travel_Frequently,669,Research & Development,1,3,Medical,1184,4.0,Male,97,2,2,Healthcare Representative,1.0,Single,5343.0,25755,0,No,20,4,3,0,14,3.0,3.0,13.0,9,4,9
35.0,0,Travel_Frequently,636,Research & Development,4,4,Other,1185,4.0,Male,47,2,1,Laboratory Technician,4.0,Married,2376.0,26537,1,No,13,3,2,1,2,2.0,4.0,2.0,2,2,2
36.0,1,Travel_Rarely,1372,SALES,9,3,Marketing,1188,1.0,Female,85,1,2,Sales Executive,3.0,Single,5346.0,9489,8,No,13,3,2,0,7,2.0,2.0,4.0,3,1,3
32.0,0,Non-Travel,862,Sales,2,1,Life Sciences,1190,3.0,Female,76,3,1,Sales Representative,1.0,Divorced,2827.0,14947,1,No,12,3,3,3,1,3.0,3.0,1.0,0,0,0
56.0,0,Travel_Rarely,718,Research & Development,4,4,Technical Degree,1191,4.0,Female,92,3,5,Manager,1.0,Divorced,19943.0,18575,4,No,13,3,4,1,28,2.0,3.0,5.0,2,4,2
36.0,0,Travel_Rarely,1401,Research & Development,6,1,Medical,1192,2.0,Female,54,3,1,Laboratory Technician,4.0,Married,3131.0,26342,1,No,13,3,1,1,10,5.0,3.0,10.0,8,0,8
19.0,0,Travel_Rarely,645,Research & Development,9,2,Life Sciences,1193,3.0,Male,54,3,1,RESEARCH SCIENTIST,1.0,Single,4960.0,7172,1,No,25,4,3,0,1,4.0,3.0,1.0,1,0,0
36.0,0,Travel_Rarely,1457,Research & Development,7,3,Medical,1195,1.0,Female,83,3,1,Research Scientist,3.0,Married,4477.0,20100,4,Yes,19,3,3,1,7,2.0,2.0,3.0,2,0,2
37.0,0,Travel_Rarely,977,Research & Development,1,3,Life Sciences,1196,4.0,Female,56,2,2,Manufacturing Director,4.0,Married,6474.0,9961,1,No,13,3,2,1,14,2.0,3.0,14.0,8,3,11
20.0,0,Travel_Rarely,805,Research & Development,3,3,Life Sciences,1198,1.0,Male,87,2,1,Laboratory Technician,3.0,Single,4960.0,12828,1,No,12,3,1,0,2,2.0,3.0,2.0,2,1,2
44.0,1,Travel_Rarely,1097,Research & Development,10,4,Life Sciences,1200,3.0,Male,96,3,1,Research Scientist,3.0,Single,2936.0,10826,1,Yes,11,3,3,0,6,4.0,3.0,6.0,4,0,2
53.0,0,Travel_Rarely,1223,Research & Development,7,2,Medical,1201,4.0,Female,50,3,5,Manager,3.0,Divorced,18606.0,18640,3,No,18,3,2,1,26,6.0,3.0,7.0,7,4,7
29.0,0,Travel_Rarely,942,Research & Development,15,1,Life Sciences,1202,2.0,Female,69,1,1,Research Scientist,4.0,Married,2168.0,26933,0,Yes,18,3,1,1,6,2.0,2.0,5.0,4,1,3
22.0,1,Travel_Frequently,1256,Research & Development,3,4,Life Sciences,1203,3.0,Male,48,2,1,Research Scientist,4.0,Married,2853.0,4223,0,Yes,11,3,2,1,1,5.0,3.0,0.0,0,0,0
36.0,0,Travel_Rarely,1402,Sales,2,3,Marketing,1204,3.0,Female,69,3,4,Manager,1.0,Married,17048.0,24097,8,No,23,4,1,0,28,2.0,3.0,26.0,15,15,9
44.0,0,Non-Travel,111,Research & Development,17,3,Life Sciences,1206,4.0,Male,74,1,1,Research Scientist,3.0,Single,2290.0,4279,2,No,13,3,4,0,6,3.0,3.0,0.0,0,0,0
33.0,0,Travel_Rarely,147,Human Resources,2,3,Human Resources,1207,2.0,Male,99,3,1,Human Resources,3.0,Married,3600.0,8429,1,No,13,3,4,1,5,2.0,3.0,5.0,4,1,4
41.0,1,Non-Travel,906,Research & Development,5,2,Life Sciences,1210,1.0,Male,95,2,1,Research Scientist,1.0,Divorced,2107.0,20293,6,No,17,3,1,1,5,2.0,1.0,1.0,0,0,0
30.0,0,Travel_Rarely,1329,Sales,29,4,Life Sciences,1211,3.0,Male,61,3,2,Sales Executive,1.0,Divorced,4115.0,13192,8,No,19,3,3,3,8,3.0,3.0,4.0,3,0,3
36.0,0,Travel_Frequently,1184,Sales,2,4,Medical,1212,2.0,Male,62,3,2,Sales Executive,2.0,Married,4327.0,25440,5,No,12,3,4,3,5,2.0,3.0,5.0,0,0,0
50.0,0,Travel_Frequently,1421,Research & Development,2,3,Medical,1215,4.0,Female,30,3,4,Manager,1.0,Married,17856.0,9490,2,No,22,4,3,1,32,3.0,3.0,2.0,2,2,2
28.0,0,Travel_Rarely,1179,Research & Development,19,4,Medical,1216,4.0,Male,78,2,1,Laboratory Technician,1.0,Married,3196.0,12449,1,No,12,3,3,3,6,2.0,3.0,6.0,5,3,3
36.0,0,Travel_Rarely,1450,Research & Development,15,2,Life Sciences,1217,4.0,Male,52,3,5,Research Director,3.0,Married,19081.0,10849,5,No,11,3,1,1,25,2.0,3.0,5.0,2,0,3
35.0,0, Travel_Rarely,1361,Sales,17,4,Life Sciences,1218,3.0,Male,94,3,2,Sales Executive,1.0,Married,8966.0,21026,3,Yes,15,3,4,3,15,2.0,3.0,5.0,7,1,7
24.0,1,Travel_Rarely,984,Research & Development,17,2,Life Sciences,1219,3.0,Female,97,3,1,Laboratory Technician,2.0,Married,2210.0,3372,1,No,13,3,1,1,1,3.0,1.0,1.0,0,0,0
33.0,0,Travel_Frequently,1146,Sales,25,3,Medical,1220,2.0,Female,82,3,2,Sales Executive,3.0,Married,4539.0,4905,1,No,12,3,1,1,10,3.0,2.0,10.0,7,0,1
36.0,0,Travel_Rarely,917,Research & Development,6,4,Life Sciences,1221,3.0,Male,60,1,1,Laboratory Technician,3.0,Divorced,2741.0,6865,1,No,14,3,3,1,7,4.0,3.0,7.0,7,1,7
30.0,0,Travel_Rarely,853,Research & Development,7,4,Life Sciences,1224,3.0,Male,49,3,2,Laboratory Technician,3.0,Divorced,3491.0,11309,1,No,13,3,1,3,10,4.0,2.0,10.0,7,8,9
44.0,0, Travel_Rarely,200,Research & Development,29,4,Other,1225,3.0,Male,32,3,2,Research Scientist,4.0,Single,4960.0,7744,1,No,25,4,2,0,20,3.0,3.0,20.0,11,13,17
20.0,0,Travel_Rarely,654,Sales,21,3,Marketing,1226,3.0,Male,43,4,1,Sales Representative,4.0,Single,4960.0,5050,1,No,17,3,4,0,2,2.0,3.0,2.0,1,2,2
46.0,0,Travel_Rarely,150,Research & Development,2,4,Technical Degree,1228,4.0,Male,60,3,2,Manufacturing Director,4.0,Divorced,7379.0,17433,2,No,11,3,3,1,12,3.0,2.0,6.0,3,1,4
36.0,0,Non-Travel,179,Human Resources,2,5,Medical,1231,4.0,Male,79,4,2,Human Resources,1.0,Married,6272.0,12858,7,No,16,3,1,1,10,3.0,4.0,4.0,3,0,3
60.0,0,Travel_Rarely,696,Sales,7,4,Marketing,1233,2.0,Male,52,4,2,Sales Executive,4.0,Divorced,5220.0,10893,0,Yes,18,3,2,1,12,3.0,3.0,11.0,7,1,9
32.0,0,Travel_Frequently,116,Research & Development,13,3,Other,1234,3.0,Female,77,2,1,Laboratory Technician,3.0,Married,2743.0,7331,1,No,20,4,3,1,2,2.0,3.0,5.0,2,2,2
32.0,0,Travel_Frequently,1316,Research & Development,2,2,Life Sciences,1235,4.0,Female,38,3,2,Research Scientist,3.0,Single,4998.0,2338,4,Yes,14,3,4,0,10,2.0,3.0,8.0,7,0,7
36.0,0,Travel_Rarely,363,Research & Development,1,3,Technical Degree,1237,3.0,Female,77,1,3,Manufacturing Director,1.0,Divorced,10252.0,4235,2,Yes,21,4,3,1,17,2.0,3.0,5.0,7,7,7
33.0,0,Travel_Rarely,117,Research & Development,9,3,Medical,1238,1.0,Male,60,3,1,Research Scientist,3.0,Married,2781.0,6311,0,No,13,3,2,1,15,5.0,3.0,14.0,10,4,10
40.0,0,Travel_Rarely,107,Sales,10,3,Technical Degree,1239,2.0,Female,84,2,2,Sales Executive,2.0,Divorced,6852.0,11591,7,No,12,3,2,1,7,2.0,4.0,5.0,1,1,3
25.0,0,Travel_Rarely,1356,Sales,10,4,Life Sciences,1240,3.0,Male,57,3,2,Sales Executive,4.0,Single,4950.0,20623,0,No,14,3,2,0,5,3.0,3.0,5.0,3,1,1
30.0,0,Travel_Rarely,1465,Research & Development,1,3,Medical,1241,4.0,Male,63,3,1,Research Scientist,2.0,Married,3579.0,9369,0,Yes,21,4,1,1,12,2.0,3.0,11.0,9,5,7
42.0,0,Travel_Frequently,458,Research & Development,26,5,Medical,1242,1.0,Female,60,3,3,Research Director,1.0,Married,4960.0,23281,3,Yes,17,3,3,0,20,6.0,3.0,1.0,0,0,0
35.0,0,Non-Travel,1212,Sales,8,2,Marketing,1243,3.0,Female,78,2,3,Sales Executive,4.0,Married,10377.0,13755,4,Yes,11,3,2,1,16,6.0,2.0,13.0,2,4,12
27.0,0,Travel_Rarely,1103,Research & Development,14,3,Life Sciences,1244,3.0,Male,42,3,1,Research Scientist,1.0,Married,2235.0,14377,1,Yes,14,3,4,2,9,3.0,2.0,9.0,7,6,8
54.0,0,Travel_Frequently ,966,Research & Development,1,4,Life Sciences,1245,4.0,Female,53,3,3,Manufacturing Director,3.0,Divorced,10502.0,9659,7,No,17,3,1,1,33,2.0,1.0,5.0,4,1,4
44.0,0,Travel_Rarely,1117,Research & Development,2,1,Life Sciences,1246,1.0,Female,72,4,1,Research Scientist,4.0,Married,2011.0,19982,1,No,13,3,4,1,10,5.0,3.0,10.0,5,7,7
19.0,1,Non-Travel,504,Research & Development,10,3,Medical,1248,1.0,Female,96,2,1,Research Scientist,2.0,Single,1859.0,6148,1,Yes,25,4,2,0,1,2.0,4.0,1.0,1,0,0
29.0,0,Travel_Rarely,1010,Research & Development,1,3,Life Sciences,1249,3.0,Female,97,3,1,Research Scientist,4.0,Divorced,3760.0,5598,1,No,15,3,1,3,3,5.0,3.0,3.0,2,1,2
54.0,0,Travel_Rarely,685,Research & Development,3,3,Life Sciences,1250,4.0,Male,85,3,4,Research Director,4.0,Married,4960.0,23474,3,No,14,3,1,0,36,2.0,3.0,10.0,9,0,9
31.0,0,Travel_Rarely,1332,Research & Development,11,2,Medical,1251,3.0,Male,80,3,2,Healthcare Representative,1.0,Married,6833.0,17089,1,Yes,12,3,4,0,6,2.0,2.0,6.0,5,0,1
31.0,0,Travel_Rarely,1062,Research & Development,24,3,Medical,1252,3.0,Female,96,2,2,Healthcare Representative,1.0,Single,6812.0,17198,1,No,19,3,2,0,10,2.0,3.0,10.0,9,1,8
59.0,0,Travel_Rarely,326,Sales,3,3,Life Sciences,1254,3.0,Female,48,2,2,Sales Executive,4.0,Single,5171.0,16490,5,No,17,3,4,0,13,2.0,3.0,6.0,1,0,5
43.0,0,Travel_Rarely,920,Research & Development,3,3,Life Sciences,1255,3.0,Male,96,1,5,Research Director,4.0,Married,4960.0,18625,3,No,14,3,2,1,25,2.0,3.0,8.0,7,0,7
49.0,0,Travel_Rarely,1098,Research & Development,4,2,Medical,1256,3.0,Male,85,2,5,Manager,3.0,Married,18711.0,12124,2,No,13,3,3,1,23,2.0,4.0,1.0,0,0,0
36.0,0,Travel_Frequently,469,Research & Development,3,3,Technical Degree,1257,3.0,Male,46,3,1,research scientist,2.0,Married,3692.0,9256,1,No,12,3,3,0,12,2.0,2.0,11.0,10,0,7
48.0,0,Travel_Rarely,969,Research & Development,2,2,Technical Degree,1258,4.0,Male,76,4,1,LABORATORY TECHNICIAN,2.0,Single,2559.0,16620,5,No,11,3,3,0,7,4.0,3.0,1.0,0,0,0
27.0,0,Travel_Rarely,1167,Research & Development,4,2,Life Sciences,1259,1.0,Male,76,3,1,Research Scientist,3.0,Divorced,2517.0,3208,1,No,11,3,2,3,5,2.0,3.0,5.0,3,0,3
29.0,0,Travel_Rarely,1329,Research & Development,7,3,Life Sciences,1260,3.0,Male,82,3,2,Healthcare Representative,4.0,Divorced,6623.0,4204,1,Yes,11,3,2,2,6,2.0,3.0,6.0,0,1,0
48.0,0,Travel_Rarely,715,Research & Development,1,3,Life Sciences,1263,4.0,Male,76,2,5,Research Director,3.0,Single,18265.0,8733,6,No,12,3,3,0,25,3.0,4.0,1.0,0,0,0
29.0,0,Travel_Rarely,694,Research & Development,1,3,Life Sciences,1264,4.0,Female,87,2,4,Research Director,4.0,Divorced,16124.0,3423,3,No,14,3,2,2,9,2.0,2.0,7.0,7,1,7
34.0,0,Travel_Rarely,1320,Research & Development,20,3,Technical Degree,1265,3.0,Female,89,4,1,Research Scientist,3.0,Married,2585.0,21643,0,No,17,3,4,0,2,5.0,2.0,1.0,0,0,0
44.0,0,Travel_Rarely,1099,Sales,5,3,Marketing,1267,2.0,Male,88,3,5,Manager,2.0,Married,4960.0,8751,7,No,11,3,3,1,26,5.0,3.0,22.0,9,3,10
33.0,0,Travel_Rarely,536,Sales,10,5,Marketing,1268,4.0,Male,82,4,3,Sales Executive,3.0,Divorced,8380.0,21708,0,Yes,14,3,4,2,10,3.0,3.0,9.0,8,0,8
19.0,0,Travel_Rarely,265,Research & Development,25,3,Life Sciences,1269,2.0,Female,57,4,1,Research Scientist,4.0,Single,2994.0,21221,1,Yes,12,3,4,0,1,2.0,3.0,1.0,0,0,1
2.0,0,Travel_Rarely,373,Research & Development,1,2,Life Sciences,1270,4.0,Male,47,3,1,Research Scientist,3.0,Married,4960.0,16901,1,No,22,4,4,1,1,2.0,3.0,1.0,0,0,1
25.0,1,Travel_Frequently,599,Sales,24,1,Life Sciences,1273,3.0,Male,73,1,1,Sales Representative,4.0,Single,4960.0,8040,1,Yes,14,3,4,0,1,4.0,3.0,1.0,0,1,0
26.0,0,Travel_Rarely,583,Research & Development,4,2,Life Sciences,1275,3.0,Male,53,3,1,Research Scientist,4.0,Single,2875.0,9973,1,Yes,20,4,2,0,8,2.0,2.0,8.0,5,2,2
45.0,1,Travel_Rarely,1449,Sales,2,3,Marketing,1277,1.0,Female,94,1,5,Manager,2.0,Single,18824.0,2493,2,Yes,16,3,1,0,26,2.0,3.0,24.0,10,1,11
55.0,0,Non-Travel,177,Research & Development,8,1,Medical,1278,4.0,Male,37,2,4,Healthcare Representative,2.0,Divorced,13577.0,25592,1,Yes,15,3,4,1,34,3.0,3.0,33.0,9,15,0
21.0,1,Travel_Frequently,251,Research & Development,10,2,Life Sciences,1279,1.0,Female,45,2,1,Laboratory Technician,3.0,Single,2625.0,25308,1,No,20,4,3,0,2,2.0,1.0,2.0,2,2,2
46.0,0,Travel_Rarely,168,Sales,4,2,Marketing,1280,4.0,Female,33,2,5,Manager,2.0,Married,18789.0,9946,2,No,14,3,3,1,26,2.0,3.0,11.0,4,0,8
34.0,0,Travel_Rarely,131,Sales,2,3,Marketing,1281,3.0,Female,86,3,2,Sales Executive,1.0,Single,4960.0,6039,0,Yes,12,3,4,0,4,3.0,3.0,3.0,2,0,2
36.0,0,Travel_Frequently,237,Sales,9,3,Life Sciences,1282,4.0,Male,83,3,5,Manager,2.0,Divorced,4960.0,19196,4,Yes,24,4,1,1,31,3.0,2.0,29.0,10,11,10
36.0,0,Travel_Rarely,1429,Research & Development,18,4,Medical,1283,4.0,Male,67,3,3,Manufacturing Director,4.0,Single,10512.0,20002,6,No,12,3,4,0,25,6.0,2.0,9.0,7,5,4
150.0,0,Travel_Frequently,135,Research & Development,19,3,Medical,1285,3.0,Female,46,3,2,Laboratory Technician,2.0,Divorced,4444.0,22534,4,No,13,3,3,2,15,2.0,4.0,11.0,8,5,10
28.0,0,Travel_Frequently,791,Research & Development,1,4,Medical,1286,4.0,Male,44,3,1,Laboratory Technician,3.0,Single,2154.0,6842,0,Yes,11,3,3,0,5,2.0,2.0,4.0,2,0,2
44.0,0,Travel_Rarely,1199,Research & Development,4,2,Life Sciences,1288,3.0,Male,92,4,5,Manager,1.0,Divorced,19190.0,17477,1,No,14,3,4,2,26,4.0,2.0,5.0,9,14,13
34.0,0,Travel_Frequently,648,Human Resources,11,3,Life Sciences,1289,3.0,Male,56,2,2,Human Resources,2.0,Married,4490.0,21833,4,No,11,3,4,2,14,3.0,4.0,10.0,9,1,8
36.0,0,Travel_Rarely,735,Research & Development,6,1,Life Sciences,1291,3.0,Male,66,3,1,Research Scientist,3.0,Married,3506.0,6020,0,Yes,14,3,4,0,4,3.0,3.0,3.0,2,2,2
42.0,0,Travel_Rarely,603,Research & Development,7,4,Medical,1292,2.0,Female,78,4,2,Research Scientist,2.0,Married,4960.0,5628,6,Yes,16,3,4,0,18,2.0,3.0,1.0,0,0,0
36.0,0,Travel_Rarely,531,Sales,4,4,Marketing,1293,4.0,Female,56,2,3,Sales Executive,4.0,Single,10231.0,20364,3,No,14,3,4,0,23,3.0,4.0,21.0,7,15,17
36.0,0, Travel_Rarely,429,Research & Development,2,4,Life Sciences,1294,3.0,Female,53,3,2,Manufacturing Director,2.0,Single,4960.0,2323,9,Yes,11,3,4,0,18,2.0,3.0,16.0,14,5,12
44.0,1,Travel_Rarely,621,Research & Development,15,3,Medical,1295,1.0,Female,73,3,3,Healthcare Representative,4.0,Married,7978.0,14075,1,No,11,3,4,1,10,2.0,3.0,10.0,7,0,5
28.0,0,Travel_Frequently,193,Research & Development,2,3,Life Sciences,1296,4.0,Male,52,2,1,Laboratory Technician,4.0,Married,3867.0,14222,1,Yes,12,3,2,1,2,2.0,3.0,2.0,2,2,2
51.0,0,Travel_Frequently,968,Research & Development,6,2,Medical,1297,2.0,Female,40,2,1,Laboratory Technician,3.0,Single,-5000.0,4257,0,No,14,3,2,0,8,6.0,2.0,7.0,0,7,7
36.0,0,Non-Travel,879,Research & Development,9,2,Medical,1298,3.0,Female,72,3,2,Manufacturing Director,3.0,Single,4695.0,12858,7,Yes,18,3,3,0,10,3.0,3.0,8.0,4,1,7
29.0,1,Travel_Rarely,806,Research & Development,7,3,Technical Degree,1299,2.0,Female,39,3,1,Laboratory Technician,3.0,Divorced,3339.0,17285,3,Yes,13,3,1,2,10,2.0,3.0,7.0,7,7,7
28.0,0,Travel_Rarely,640,Research & Development,1,3,Technical Degree,1301,4.0,Male,84,3,1,Research Scientist,1.0,Single,2080.0,4732,2,No,11,3,2,0,5,2.0,2.0,3.0,2,1,2
25.0,0,Travel_Rarely,266,Research & Development,1,3,Medical,1303,4.0,Female,40,3,1,Research Scientist,2.0,Single,4960.0,18830,1,No,18,3,4,0,2,3.0,2.0,2.0,2,2,1
32.0,0,Travel_Rarely,604,Sales,8,3,Medical,1304,3.0,Male,56,4,2,Sales Executive,4.0,Married,4960.0,11693,1,No,15,3,3,2,10,4.0,4.0,10.0,7,0,8
45.0,0,Travel_Frequently,364,Research & Development,25,3,Medical,1306,2.0,Female,83,3,5,Manager,2.0,Single,18061.0,13035,3,No,22,4,3,0,22,4.0,3.0,0.0,0,0,0
39.0,0,Travel_Rarely,412,Research & Development,13,4,Medical,1307,3.0,Female,94,2,4,Manager,2.0,Divorced,4960.0,17334,6,Yes,13,3,4,2,21,4.0,3.0,19.0,9,15,2
58.0,0,Travel_Rarely,848,Research & Development,23,4,Life Sciences,1308,1.0,Male,88,3,1,Research Scientist,3.0,Divorced,2372.0,26076,1,No,12,3,4,2,2,3.0,3.0,2.0,2,2,2
32.0,1,Travel_Rarely,1089,Research & Development,7,2,Life Sciences,1309,4.0,Male,79,3,2,Laboratory Technician,3.0,Married,4883.0,22845,1,No,18,3,1,1,10,3.0,3.0,5.0,4,1,1
39.0,1,Travel_Rarely,360,Research & Development,23,3,Medical,1310,3.0,Male,93,3,1,Research Scientist,1.0,Single,3904.0,22154,0,No,13,3,1,0,6,2.0,3.0,5.0,2,0,3
30.0,0,Travel_Rarely,1138,research & development,6,3,Technical Degree,1311,3.0,Female,48,2,2,Laboratory Technician,4.0,Married,4627.0,23631,0,No,12,3,1,1,10,6.0,3.0,9.0,2,6,7
36.0,0,Travel_Rarely,325,Research & Development,10,4,Technical Degree,1312,4.0,Female,63,3,3,Healthcare Representative,3.0,Married,7094.0,5747,3,No,12,3,1,0,10,0.0,3.0,7.0,7,1,7
46.0,0,Travel_Rarely,991,Human Resources,1,2,Life Sciences,1314,4.0,Female,44,3,1,Human Resources,1.0,Single,3423.0,22957,6,No,12,3,3,0,10,3.0,4.0,7.0,6,5,7
36.0,0,Non-Travel,1476,Research & Development,1,3,Life Sciences,1315,3.0,Female,55,1,2,Laboratory Technician,4.0,Married,6674.0,16392,0,No,11,3,1,3,10,6.0,3.0,9.0,8,7,5
50.0,0,Travel_Rarely,1322,Research & Development,28,3,Life Sciences,1317,4.0,Female,43,3,4,Research Director,1.0,Married,4960.0,22422,4,Yes,11,3,2,0,25,2.0,3.0,3.0,2,1,2
40.0,1,Travel_Rarely,299,Sales,25,4,Marketing,1318,4.0,Male,57,2,3,Sales Executive,2.0,Single,9094.0,17235,2,Yes,12,3,3,0,9,2.0,3.0,5.0,4,1,0
52.0,1,Travel_Rarely,1030,Sales,5,3,Life Sciences,1319,2.0,Male,64,3,3,Sales Executive,3.0,Single,4960.0,21534,9,Yes,19,3,3,0,10,2.0,2.0,8.0,7,7,7
30.0,0,Travel_Rarely,634,Research & Development,17,4,Medical,1321,2.0,Female,95,3,3,Manager,3.0,Married,11916.0,25927,1,Yes,23,4,4,2,9,2.0,3.0,5.0,1,0,8
39.0,0,Travel_Rarely,524,Research & Development,18,2,Life Sciences,1322,3.0,Male,32,3,2,Manufacturing Director,3.0,Single,4534.0,13352,0,No,11,3,1,0,9,6.0,3.0,8.0,7,1,7
31.0,0,Non-Travel,587,Sales,2,4,Life Sciences,1324,4.0,Female,57,3,3,Sales Executive,3.0,Divorced,9852.0,8935,1,Yes,19,3,1,1,10,3.0,2.0,10.0,8,9,6
41.0,0,Non-Travel,256,Sales,10,2,Medical,1329,3.0,Male,40,1,2,Sales Executive,2.0,Single,6151.0,22074,1,No,13,3,1,0,19,4.0,3.0,5.0,2,11,9
31.0,1,Travel_Frequently,1060,Sales,1,3,Life Sciences,1331,4.0,Female,54,3,1,Sales Representative,3.0,Single,2302.0,8319,1,Yes,11,3,1,0,3,2.0,4.0,3.0,2,2,2
44.0,1,Travel_Rarely,935,Research & Development,3,3,Life Sciences,1333,1.0,Male,89,3,1,Laboratory Technician,1.0,Married,2362.0,14669,4,No,12,3,3,0,10,4.0,4.0,3.0,2,1,2
42.0,0,Non-Travel,495,Research & Development,2,1,Life Sciences,1334,3.0,Male,37,3,4,Manager,3.0,Married,17861.0,26582,0,Yes,13,3,4,0,21,3.0,2.0,20.0,8,2,10
55.0,0,Travel_Rarely,282,Research & Development,2,2,Medical,1336,4.0,Female,58,1,5,Manager,3.0,Married,19187.0,6992,4,No,14,3,4,1,23,5.0,3.0,19.0,9,9,11
56.0,0,Travel_Rarely,206,Human Resources,8,4,Life Sciences,1338,4.0,Male,99,3,5,Manager,2.0,Single,19717.0,4022,6,No,14,3,1,0,36,4.0,3.0,7.0,3,7,7
36.0,0,Non-Travel,458,Research & Development,16,2,Life Sciences,1340,3.0,Male,74,3,1,Research Scientist,3.0,Divorced,3544.0,8532,9,No,16,3,2,1,6,0.0,3.0,4.0,2,0,0
34.0,0,Travel_Rarely,943,Research & Development,9,3,Life Sciences,1344,4.0,Male,86,3,3,Healthcare Representative,4.0,Divorced,8500.0,5494,0,No,11,3,4,1,10,0.0,2.0,9.0,7,1,6
40.0,0,Travel_Rarely,523,Research & Development,2,3,Life Sciences,1346,3.0,Male,98,3,2,Research Scientist,4.0,Single,4661.0,22455,1,No,13,3,3,0,9,4.0,3.0,9.0,8,8,8
41.0,0,Travel_Frequently,1018,Sales,1,3,Marketing,1349,3.0,Female,66,3,2,Sales Executive,1.0,Divorced,4103.0,4297,0,No,17,3,4,1,10,2.0,3.0,9.0,3,1,7
35.0,0,Travel_Frequently,482,Research & Development,4,4,Life Sciences,1350,3.0,Male,87,3,2,Research Scientist,3.0,Single,4249.0,2690,1,Yes,11,3,2,0,9,3.0,3.0,9.0,6,1,1
51.0,0,Travel_Rarely,770,Human Resources,5,3,Life Sciences,1352,3.0,Male,84,3,4,Manager,2.0,Divorced,14026.0,17588,1,Yes,11,3,2,1,33,3.0,3.0,33.0,9,0,10
36.0,0,Travel_Rarely,1009,Sales,2,2,Life Sciences,1355,2.0,Female,31,3,2,Sales Executive,1.0,Divorced,6893.0,19461,3,No,15,3,4,1,11,3.0,3.0,7.0,7,1,7
34.0,0,Travel_Rarely,507,Sales,15,2,Medical,1356,3.0,Female,66,3,2,Sales Executive,3.0,Single,6125.0,23553,1,No,12,3,4,0,10,6.0,4.0,10.0,8,9,6
25.0,0,Travel_Rarely,882,Research & Development,19,1,Medical,1358,4.0,Male,67,3,1,Laboratory Technician,4.0,Married,3669.0,9075,3,No,11,3,3,3,7,6.0,2.0,3.0,2,1,2
120.0,1,Travel_Rarely,601,Research & Development,7,4,Medical,1360,3.0,Female,53,2,3,Manufacturing Director,1.0,Married,10008.0,12023,7,Yes,14,3,4,0,31,0.0,3.0,10.0,9,5,9
40.0,0,Travel_Rarely,329,Research & Development,1,4,Life Sciences,1361,3.0,Male,88,3,1,Laboratory Technician,2.0,Married,2387.0,6762,3,No,22,4,3,1,7,3.0,3.0,4.0,2,0,3
36.0,0,Travel_Frequently,607,Sales,7,3,Marketing,1362,1.0,Female,83,4,2,Sales Executive,1.0,Married,4639.0,2261,2,No,16,3,4,1,17,2.0,2.0,15.0,7,6,13
48.0,0,Travel_Rarely,855,Research & Development,4,3,Life Sciences,1363,4.0,Male,54,3,3,Manufacturing Director,4.0,Single,7898.0,18706,1,No,11,3,3,0,11,2.0,3.0,10.0,9,0,8
27.0,0,Travel_Rarely,1291,Sales,11,3,Medical,1364,3.0,Female,98,4,1,Sales Representative,4.0,Married,2534.0,6527,8,No,14,3,2,1,5,4.0,3.0,1.0,0,0,0
51.0,0,Travel_Rarely,1405,Research & Development,11,2,Technical Degree,1367,4.0,Female,82,2,4,Manufacturing Director,2.0,Single,13142.0,24439,3,No,16,3,2,0,29,1.0,2.0,5.0,2,0,3
18.0,0,Non-Travel,1124,Research & Development,1,3,Life Sciences,1368,4.0,Female,97,3,1,Laboratory Technician,4.0,Single,1611.0,19305,1,No,15,3,3,0,0,5.0,4.0,0.0,0,0,0
35.0,0,Travel_Rarely,817,Research & Development,1,3,Medical,1369,4.0,Female,60,2,2,Laboratory Technician,4.0,Married,4960.0,10846,0,No,12,3,2,1,10,0.0,3.0,9.0,7,0,0
27.0,0,Travel_Frequently,793,Sales,2,1,Life Sciences,1371,4.0,Male,43,1,2,Sales Executive,4.0,Single,5071.0,20392,3,No,20,4,2,0,8,3.0,3.0,6.0,2,0,0
55.0,1,Travel_Rarely,267,Sales,13,4,Marketing,1372,1.0,Male,85,4,4,Sales Executive,3.0,Single,13695.0,9277,6,Yes,17,3,3,0,24,2.0,2.0,19.0,7,3,8
36.0,0,Travel_Rarely,1369,Research & Development,23,3,Life Sciences,1373,4.0,Male,68,3,4,Manufacturing Director,2.0,Married,13402.0,18235,4,Yes,12,3,1,1,33,0.0,3.0,19.0,16,15,9
34.0,0,Non-Travel,999,Research & Development,26,1,Technical Degree,1374,1.0,Female,92,2,1,Research Scientist,3.0,Divorced,2029.0,15891,1,No,20,4,3,3,5,2.0,3.0,5.0,4,0,0
40.0,0,Travel_Rarely,1202,Research & Development,2,1,Medical,1375,2.0,Female,89,4,2,HEALTHCARE REPRESENTATIVE,3.0,Divorced,6377.0,13888,5,No,20,4,2,3,15,0.0,3.0,12.0,11,11,8
34.0,0,Travel_Rarely,285,Research & Development,29,3,Medical,1377,2.0,Male,86,3,2,Laboratory Technician,3.0,Married,5429.0,17491,4,No,13,3,1,2,10,1.0,3.0,8.0,7,7,7
36.0,1, Travel_Frequently,703,Sales,2,3,Life Sciences,1379,3.0,Female,90,2,1,Sales Representative,4.0,Single,2785.0,11882,7,No,14,3,3,0,3,3.0,4.0,1.0,0,0,0
35.0,1,Travel_Frequently,662,Sales,18,4,Marketing,1380,3.0,Female,67,3,2,Sales Executive,3.0,Married,4614.0,23288,0,Yes,18,3,3,1,5,0.0,2.0,4.0,2,3,2
38.0,0,Travel_Frequently,693,Research & Development,7,3,Life Sciences,1382,4.0,Male,57,4,1,Research Scientist,3.0,Divorced,2610.0,15748,1,No,11,3,4,3,4,2.0,3.0,4.0,2,0,3
34.0,0,Travel_Rarely,404,Research & Development,2,4,Technical Degree,1383,3.0,Female,98,3,2,Healthcare Representative,4.0,Single,6687.0,6163,1,No,11,3,4,0,14,2.0,4.0,14.0,11,4,11
28.0,0,Travel_Rarely,736,Sales,26,3,Life Sciences,1387,3.0,Male,48,2,2,Sales Executive,1.0,Married,4724.0,24232,1,No,11,3,3,1,5,0.0,3.0,5.0,3,0,4
31.0,1,Travel_Rarely,330,Research & Development,22,4,Medical,1389,4.0,Male,98,3,2,Manufacturing Director,3.0,Married,6179.0,21057,1,Yes,15,3,4,2,10,3.0,2.0,10.0,2,6,7
39.0,0,Travel_Rarely,1498,Sales,21,4,Life Sciences,1390,1.0,Male,44,2,2,Sales Executive,4.0,Married,6120.0,3567,3,Yes,12,3,4,2,8,2.0,4.0,5.0,4,1,4
51.0,0,Travel_Frequently,541,Sales,2,3,Marketing,1391,2.0,Male,52,3,3,Sales Executive,2.0,Married,10596.0,15395,2,No,11,3,2,0,14,5.0,3.0,4.0,2,3,2
36.0,0,Travel_Frequently,1200,Research & Development,-20,3,Life Sciences,1392,4.0,Female,75,3,2,Research Scientist,4.0,Divorced,5467.0,13953,3,Yes,14,3,1,2,12,4.0,2.0,6.0,2,3,3
37.0,0,Travel_Rarely,1439,Research & Development,4,1,Life Sciences,1394,3.0,Male,54,3,1,Research Scientist,3.0,Married,2996.0,5182,7,Yes,15,3,4,0,8,2.0,3.0,6.0,4,1,3
33.0,0,Travel_Frequently,1111,Sales,5,1,Life Sciences,1395,2.0,Male,61,3,2,Sales Executive,4.0,Married,9998.0,19293,6,No,13,3,1,0,8,2.0,4.0,5.0,4,1,2
32.0,0,Travel_Rarely,499,Sales,2,1,Marketing,1396,3.0,Male,36,3,2,Sales Executive,3.0,Married,4078.0,20497,0,Yes,13,3,1,3,4,3.0,3.0,3.0,2,1,2
39.0,0,Non-Travel,1485,Research & Development,25,2,Life Sciences,1397,3.0,Male,71,3,3,Healthcare Representative,3.0,Married,10920.0,3449,3,No,21,4,2,1,13,2.0,3.0,6.0,4,0,5
36.0,0, Travel_Rarely,1372,Sales,18,1,Life Sciences,1399,1.0,Male,93,4,2,Sales Executive,3.0,Married,4960.0,12477,2,No,11,3,2,0,6,3.0,2.0,3.0,2,1,2
52.0,0,Travel_Frequently,322,Research & Development,28,2,Medical,1401,3.0,Female,59,4,4,Manufacturing Director,3.0,Married,13247.0,9731,2,Yes,11,3,2,1,24,3.0,2.0,5.0,3,0,2
43.0,0,Travel_Rarely,930,Research & Development,6,3,Medical,1402,1.0,Female,73,2,2,Research Scientist,3.0,Single,4081.0,20003,1,Yes,14,3,1,0,20,3.0,1.0,20.0,7,1,8
27.0,0,Travel_Rarely,205,Sales,10,3,Marketing,1403,4.0,Female,98,2,2,Sales Executive,4.0,Married,5769.0,7100,1,Yes,11,3,4,0,6,3.0,3.0,6.0,2,4,4
0.0,1,Travel_Rarely,135,Research & Development,17,4,Life Sciences,1405,4.0,Female,51,3,1,Research Scientist,3.0,Single,2394.0,25681,1,Yes,13,3,4,0,8,2.0,3.0,8.0,2,7,7
26.0,0,Travel_Rarely,683,Research & Development,2,1,Medical,1407,1.0,Male,36,2,1,Research Scientist,4.0,Single,3904.0,4050,0,No,12,3,4,0,5,2.0,3.0,4.0,3,1,1
42.0,0,Travel_Rarely,1147,Human Resources,10,3,Human Resources,1408,3.0,Female,31,3,4,Manager,1.0,Married,16799.0,16616,0,No,14,3,3,1,21,5.0,3.0,5.0,7,0,9
36.0,0,Travel_Rarely,258,Research & Development,8,4,Other,1409,3.0,Female,54,3,1,Laboratory Technician,1.0,Married,2950.0,17363,9,No,13,3,3,0,12,3.0,1.0,5.0,4,0,4
37.0,0,Travel_Rarely,1462,Research & Development,11,3,Medical,1411,1.0,Female,94,3,1,Laboratory Technician,3.0,Single,3629.0,19106,4,No,18,3,1,0,8,6.0,3.0,3.0,2,0,2
35.0,0,Travel_Frequently,200,Research & Development,18,2,Life Sciences,1412,3.0,Male,60,3,3,manufacturing director,4.0,Single,9362.0,19944,2,No,11,3,3,0,10,2.0,3.0,2.0,2,2,2
25.0,0,Travel_Rarely,949,Research & Development,1,3,Technical Degree,1415,1.0,Male,81,3,1,Laboratory Technician,4.0,Married,3229.0,4910,4,No,11,3,2,1,7,2.0,2.0,3.0,2,0,2
26.0,0,Travel_Rarely,652,Research & Development,7,3,Other,1417,3.0,Male,100,4,1,Laboratory Technician,1.0,Single,3578.0,23577,0,No,12,3,4,0,8,2.0,3.0,7.0,7,0,7
29.0,0,Travel_Rarely,332,Human Resources,17,3,Other,1419,2.0,Male,51,2,3,Human Resources,1.0,Single,4960.0,9769,1,No,13,3,1,0,10,3.0,2.0,10.0,9,0,9
49.0,1,Travel_Frequently,1475,Research & Development,28,2,Life Sciences,1420,3.0,Male,97,2,2,Laboratory Technician,1.0,Single,4284.0,22710,3,No,20,4,1,0,20,2.0,3.0,4.0,3,1,3
29.0,1,Travel_Frequently,337,Research & Development,14,1,Other,1421,3.0,Female,84,3,3,Healthcare Representative,4.0,Single,7553.0,22930,0,Yes,12,3,1,0,9,1.0,3.0,8.0,7,7,7
54.0,0,Travel_Rarely,971,Research & Development,1,3,Medical,1422,4.0,Female,54,3,4,Research Director,4.0,Other,17328.0,5652,6,No,19,3,4,0,29,3.0,2.0,20.0,7,12,7
58.0,0,Travel_Rarely,1055,Research & Development,1,3,Medical,1423,4.0,Female,76,3,5,Research Director,1.0,Married,19701.0,22456,3,Yes,21,4,3,1,32,3.0,3.0,9.0,8,1,5
55.0,0,Travel_Rarely,1136,Research & Development,1,4,Medical,1424,2.0,Male,81,4,4,Research Director,4.0,Divorced,14732.0,12414,2,No,13,3,4,2,31,4.0,4.0,7.0,7,0,0
36.0,0,Travel_Rarely,1174,Sales,3,4,Marketing,1425,1.0,Female,99,3,2,Sales Executive,2.0,Single,9278.0,20763,3,Yes,16,3,4,0,15,3.0,3.0,5.0,4,0,1
31.0,1,Travel_Frequently,667,Sales,1,4,Life Sciences,1427,2.0,Female,50,1,1,Sales Representative,3.0,Single,1359.0,16154,1,No,12,3,2,0,1,3.0,3.0,5.0,0,0,0
30.0,0,Travel_Rarely,855,Sales,7,4,Marketing,1428,4.0,Female,73,3,2,Sales Executive,1.0,Divorced,4779.0,12761,7,No,14,3,2,2,8,3.0,3.0,5.0,2,0,2
31.0,0,Travel_Rarely,182,Research & Development,8,5,Life Sciences,1430,1.0,Female,93,3,4,Research Director,2.0,Single,16422.0,8847,3,No,11,3,3,0,9,3.0,4.0,3.0,2,1,0
34.0,0,Travel_Frequently,560,Research & Development,1,4,Other,1431,4.0,Male,91,3,1,Research Scientist,1.0,Divorced,2996.0,20284,5,No,14,3,3,2,10,3.0,3.0,5.0,3,1,3
36.0,1,Travel_Rarely,202,Research & Development,8,3,Life Sciences,1433,1.0,Female,34,2,1,Research Scientist,2.0,Single,1261.0,22262,1,No,12,3,3,0,1,3.0,4.0,1.0,0,0,0
27.0,0,Travel_Rarely,1377,Research & Development,11,1,Life Sciences,1434,2.0,Male,91,3,1,Laboratory Technician,3.0,Married,2099.0,7679,0,No,14,3,2,0,6,3.0,4.0,5.0,0,1,4
36.0,0,Travel_Rarely,172,Research & Development,4,4,Life Sciences,1435,1.0,Male,37,2,2,Laboratory Technician,4.0,Single,5810.0,22604,1,No,16,3,3,0,10,2.0,2.0,10.0,4,1,8
36.0,0,Travel_Rarely,329,Sales,16,4,Marketing,1436,3.0,Female,98,2,2,Sales Executive,3.0,Married,5647.0,13494,4,No,13,3,1,2,11,3.0,2.0,3.0,2,0,2
47.0,0,Travel_Rarely,465,Research & Development,1,3,Technical Degree,1438,1.0,Male,74,3,1,Research Scientist,4.0,Married,3420.0,10205,7,No,12,3,3,1,17,2.0,2.0,5.0,5,1,2
25.0,1,Travel_Rarely,383,Sales,9,2,Life Sciences,1439,1.0,Male,68,2,1,Sales Representative,1.0,Married,4400.0,15182,3,No,12,3,1,0,6,2.0,3.0,3.0,2,2,2
37.0,0,Non-Travel,1413,Research & Development,5,2,Technical Degree,1440,3.0,Male,84,4,1,Laboratory Technician,3.0,Single,3500.0,25470,0,No,14,3,1,0,7,2.0,1.0,5.0,5,1,3
56.0,0,Travel_Rarely,1255,Research & Development,1,2,Life Sciences,1441,1.0,Female,90,3,1,Research Scientist,1.0,Married,999999.0,10494,2,No,22,4,4,1,5,3.0,4.0,3.0,2,1,0
47.0,0,Travel_Rarely,359,Research & Development,2,4,Medical,1443,1.0,Female,82,3,4,Research Director,3.0,Married,17169.0,26703,3,No,19,3,2,2,26,2.0,4.0,20.0,17,5,6
24.0,0,Travel_Rarely,1476,Sales,4,1,Medical,1445,3.0,Female,42,3,2,Sales Executive,3.0,Married,4960.0,15211,1,Yes,12,3,3,2,5,3.0,3.0,5.0,4,0,3
32.0,0,Travel_Rarely,601,Sales,7,5,Marketing,1446,4.0,Male,97,3,2,Sales Executive,4.0,Married,9204.0,23343,4,No,12,3,3,1,7,3.0,2.0,4.0,3,0,3
34.0,0,Travel_Rarely,401,Research & Development,1,3,Life Sciences,1447,4.0,Female,86,2,1,Laboratory Technician,2.0,Married,500000.0,3708,5,No,17,3,1,1,7,2.0,2.0,5.0,4,0,2
41.0,0,Travel_Rarely,1283,Research & Development,5,5,Medical,1448,2.0,Male,90,4,1,Research Scientist,3.0,Married,2127.0,5561,2,Yes,12,3,1,0,7,5.0,2.0,4.0,2,0,3
36.0,0,Non-Travel,663,Research & Development,9,4,Other,1449,3.0,Male,81,3,2,Laboratory Technician,3.0,Divorced,3975.0,23099,3,No,11,3,3,2,11,2.0,3.0,8.0,7,0,7
31.0,0,Travel_Rarely,326,Sales,8,2,Life Sciences,1453,1.0,Male,31,3,3,Sales Executive,4.0,Divorced,10793.0,8386,1,No,18,3,1,1,13,5.0,3.0,13.0,7,9,9
46.0,1,Travel_Rarely,377,Sales,9,3,Marketing,1457,1.0,Male,52,3,3,Sales Executive,4.0,Divorced,10096.0,15986,4,No,11,3,1,1,28,1.0,3.0,7.0,7,4,3
39.0,1,Non-Travel,592,Research & Development,2,3,Life Sciences,1458,1.0,Female,54,2,1,Laboratory Technician,1.0,Single,3646.0,17181,2,Yes,23,4,2,0,11,2.0,4.0,1.0,0,0,0
36.0,1,Travel_Frequently,1445,Research & Development,1,5,Life Sciences,1459,3.0,Female,100,4,3,Manufacturing Director,2.0,Single,4960.0,8931,1,No,11,3,1,0,10,2.0,3.0,10.0,8,4,7
45.0,0,Travel_Rarely,1038,Research & Development,20,3,Medical,1460,2.0,Male,95,1,3,Healthcare Representative,1.0,Divorced,10851.0,19863,2,Yes,18,3,2,1,24,2.0,3.0,7.0,7,0,7
31.0,0,Travel_Rarely,1398,Human Resources,8,2,Medical,1461,4.0,Female,96,4,1,Human Resources,2.0,Single,2109.0,24609,9,No,18,3,4,0,8,3.0,3.0,3.0,2,0,2
31.0,1,Travel_Frequently,523,Research & Development,2,3,Life Sciences,1464,2.0,Male,94,3,1,Laboratory Technician,4.0,Married,3722.0,21081,6,Yes,13,3,3,1,7,2.0,1.0,2.0,2,2,2
45.0,0,Travel_Rarely,1448,Research & Development,29,3,Technical Degree,1465,2.0,Male,55,3,3,Manufacturing Director,4.0,Married,9380.0,14720,4,Yes,18,3,4,2,10,4.0,4.0,3.0,1,1,2
48.0,0,Travel_Rarely,1221,Sales,7,3,Marketing,1466,3.0,Male,96,3,2,Sales Executive,1.0,Divorced,5486.0,24795,4,No,11,3,1,3,15,3.0,3.0,2.0,2,2,2
34.0,1,Travel_Rarely,1107,Human Resources,9,4,Technical Degree,1467,1.0,Female,52,3,1,Human Resources,3.0,Married,2742.0,3072,1,No,15,3,4,0,2,0.0,3.0,2.0,2,2,2
40.0,0,Non-Travel,218,Research & Development,8,1,Medical,1468,4.0,Male,55,2,3,Research Director,2.0,Divorced,13757.0,25178,2,No,11,3,3,1,16,5.0,3.0,9.0,8,4,8
28.0,0,Travel_Rarely,866,Sales,5,3,Medical,1469,4.0,Male,84,3,2,Sales Executive,1.0,Single,8463.0,23490,0,No,18,3,4,0,6,4.0,3.0,5.0,4,1,3
44.0,0,Non-Travel,981,Research & Development,5,3,Life Sciences,1471,3.0,Male,90,2,1,Laboratory Technician,3.0,Single,3162.0,7973,3,No,14,3,4,0,7,5.0,3.0,5.0,2,0,3
36.0,0,Travel_Rarely ,447,Research & Development,2,3,Medical,1472,4.0,Male,39,4,4,Research Director,2.0,Single,16598.0,19764,4,No,12,3,2,0,35,2.0,2.0,9.0,8,8,8
49.0,0,Travel_Rarely,1495,Research & Development,5,4,Technical Degree,1473,1.0,Male,96,3,2,Healthcare Representative,3.0,Married,6651.0,21534,2,No,14,3,2,1,20,0.0,2.0,3.0,2,1,2
40.0,0,Travel_Rarely,896,Research & Development,2,3,Medical,1474,3.0,Male,68,3,1,Research Scientist,3.0,Divorced,2345.0,8045,2,No,14,3,3,1,8,3.0,4.0,3.0,1,1,2
44.0,0,Travel_Rarely,1467,Research & Development,20,3,Life Sciences,1475,4.0,Male,49,3,1,Research Scientist,2.0,Single,4960.0,21158,1,No,13,3,3,0,6,3.0,2.0,5.0,2,1,3
33.0,0,Travel_Frequently,430,Sales,7,3,Medical,1477,4.0,Male,54,3,2,Sales Executive,1.0,Married,4373.0,17456,0,No,14,3,1,2,5,2.0,3.0,4.0,3,0,3
34.0,0,Travel_Rarely,1326,Sales,3,3,Other,1478,4.0,Male,81,1,2,Sales Executive,1.0,Single,4759.0,15891,3,No,18,3,4,0,15,2.0,3.0,5.0,9,3,12
30.0,0,Travel_Rarely,1358,Sales,16,1,Life Sciences,1479,4.0,Male,96,3,2,Sales Executive,3.0,Married,5301.0,2939,8,No,15,3,3,2,4,2.0,2.0,2.0,1,2,2
42.0,0,Travel_Frequently,748,Research & Development,9,2,Medical,1480,3.0,Female,74,3,1,Laboratory Technician,4.0,Single,3673.0,16458,1,No,13,3,3,0,12,3.0,3.0,5.0,9,5,8
44.0,0,Travel_Frequently,383,Sales,1,5,Marketing,1481,1.0,Female,79,3,2,Sales Executive,3.0,Married,4768.0,9282,7,No,12,3,3,1,11,4.0,2.0,1.0,0,0,0
30.0,0,Non-Travel,990,Research & Development,7,3,Technical Degree,1482,3.0,Male,64,3,1,Research Scientist,3.0,Divorced,4960.0,7152,1,No,13,3,2,2,1,2.0,2.0,1.0,0,0,0
57.0,0,Travel_Rarely,405,Research & Development,1,2,Life Sciences,1483,2.0,Male,93,4,2,Research Scientist,3.0,Married,4900.0,2721,0,No,24,4,1,1,13,2.0,2.0,12.0,9,2,8
49.0,0,Travel_Rarely,1490,Research & Development,7,4,Life Sciences,1484,3.0,Male,35,3,3,Healthcare Representative,3.0,Divorced,10466.0,20948,3,No,14,3,2,2,29,3.0,3.0,8.0,7,0,7
34.0,0,Travel_Frequently,829,Research & Development,15,3,Medical,1485,2.0,Male,71,3,4,Research Director,1.0,Divorced,17007.0,11929,7,No,14,3,4,2,16,3.0,2.0,14.0,8,6,9
28.0,1,Travel_Frequently,1496,Sales,1,3,Technical Degree,1486,3.0,Male,92,3,1,Sales Representative,3.0,Married,2909.0,15747,3,No,15,3,4,1,5,3.0,4.0,3.0,2,1,2
36.0,1,Travel_Frequently,115,Sales,13,3,Technical Degree,1487,1.0,Female,51,3,2,Sales Executive,2.0,Single,5765.0,17485,5,No,11,3,1,0,7,4.0,1.0,5.0,3,0,0
34.0,1,Travel_Rarely,790,Sales,24,4,Medical,1489,1.0,Female,40,2,2,Sales Executive,2.0,Single,4599.0,7815,0,Yes,23,4,3,0,16,2.0,4.0,15.0,9,10,10
35.0,0,Travel_Rarely,660,Sales,7,1,Life Sciences,1492,4.0,Male,76,3,1,Sales Representative,3.0,Married,2404.0,16192,1,No,13,3,1,1,1,3.0,3.0,1.0,0,0,0
24.0,1,Travel_Frequently,381,Research & Development,9,3,Medical,1494,2.0,Male,89,3,1,Laboratory Technician,1.0,Single,3172.0,16998,2,Yes,11,3,3,0,4,2.0,2.0,0.0,0,0,0
24.0,0,Non-Travel,830,Sales,13,2,Life Sciences,1495,4.0,Female,78,3,1,Sales Representative,2.0,Married,2033.0,7103,1,No,13,3,3,1,1,2.0,3.0,1.0,0,0,0
44.0,0,Travel_Frequently,1193,Research & Development,2,1,Medical,1496,2.0,Male,86,3,3,Manufacturing Director,3.0,Single,10209.0,19719,5,Yes,18,3,2,0,16,2.0,2.0,2.0,2,2,2
29.0,0,Travel_Rarely,1246,Sales,19,3,Life Sciences,1497,3.0,Male,77,2,2,Sales Executive,3.0,Divorced,8620.0,23757,1,No,14,3,3,2,10,3.0,3.0,10.0,7,0,4
30.0,0,Travel_Rarely,330,Human Resources,1,3,Life Sciences,1499,3.0,Male,46,3,1,Human Resources,3.0,Divorced,2064.0,15428,0,No,21,4,1,1,6,3.0,4.0,5.0,3,1,3
55.0,0,Travel_Rarely,1229,Research & Development,4,4,Life Sciences,1501,4.0,Male,30,3,2,Healthcare Representative,3.0,Married,4035.0,16143,0,Yes,16,3,2,0,4,3.0,3.0,3.0,2,1,2
36.0,0,Travel_Rarely,1099,Research & Development,4,4,Medical,1502,1.0,Female,82,2,1,Laboratory Technician,2.0,Married,4960.0,8192,8,No,11,3,4,0,8,5.0,3.0,5.0,4,0,2
47.0,0,Travel_Rarely,571,Sales,14,3,Medical,1503,3.0,Female,78,3,2,Sales Executive,3.0,Married,4591.0,24200,3,Yes,17,3,3,1,11,4.0,2.0,5.0,4,1,2
28.0,1,Travel_Frequently,289,Research & Development,2,2,Medical,1504,3.0,Male,38,2,1,Laboratory Technician,1.0,Single,2561.0,5355,7,No,11,3,3,0,8,2.0,2.0,0.0,0,0,0
36.0,0,Travel_Rarely,1423,Research & Development,1,3,Life Sciences,1506,1.0,Male,72,2,1,Research Scientist,3.0,Divorced,1563.0,12530,1,No,14,3,4,1,1,2.0,1.0,1.0,0,0,0
28.0,0,Travel_Frequently,467,Sales,7,3,Life Sciences,1507,3.0,Male,55,3,2,Sales Executive,1.0,Single,4898.0,11827,0,No,14,3,4,0,5,5.0,3.0,4.0,2,1,3
49.0,0,Travel_Rarely,271,Research & Development,3,2,Medical,1509,3.0,Female,43,2,2,Laboratory Technician,1.0,Married,4789.0,23070,4,No,25,4,1,1,10,3.0,3.0,3.0,2,1,2
29.0,0,Travel_Frequently,410,Research & Development,2,1,Life Sciences,1513,3.0,Female,97,3,1,Laboratory Technician,2.0,Married,3180.0,4668,0,No,13,3,3,3,4,3.0,3.0,3.0,2,0,2
28.0,0,Travel_Rarely,1083,Research & Development,29,1,Life Sciences,1514,3.0,Male,96,1,2,Manufacturing Director,3.0,Married,6549.0,3173,1,No,14,3,2,2,8,3.0,2.0,8.0,6,1,7
33.0,0,Travel_Rarely,516,Research & Development,8,5,Life Sciences,1515,4.0,Male,69,3,2,Healthcare Representative,3.0,Single,6388.0,22049,2,Yes,17,3,1,0,14,6.0,3.0,0.0,0,0,0
32.0,0,Travel_Rarely,495,Research & Development,10,3,Medical,1516,3.0,Male,64,3,3,Manager,4.0,Single,11244.0,21072,2,No,25,4,2,0,10,5.0,4.0,5.0,2,0,0
54.0,0,Travel_Frequently,1050,Research & Development,11,4,Medical,1520,2.0,Female,87,3,4,Manager,3.0,Divorced,999999.0,24456,3,No,20,4,1,1,26,3.0,3.0,14.0,9,1,12
36.0,1,Travel_Rarely,224,Research & Development,1,4,Technical Degree,1522,1.0,Male,100,2,1,Research Scientist,1.0,Single,2362.0,7568,6,No,13,3,3,0,11,2.0,1.0,5.0,7,0,7
44.0,0,Travel_Rarely,136,Research & Development,28,3,Life Sciences,1523,4.0,Male,32,3,4,Research Director,1.0,Married,4960.0,22074,3,No,13,3,3,1,24,3.0,4.0,20.0,6,14,17
39.0,0,Travel_Rarely,1089,Research & Development,6,3,Life Sciences,1525,2.0,Female,32,3,3,Manufacturing Director,2.0,Single,8376.0,9150,4,No,18,3,4,0,9,3.0,3.0,2.0,0,2,2
46.0,0,Travel_Rarely,228,Sales,3,3,Life Sciences,1527,3.0,Female,51,3,4,Manager,2.0,Married,16606.0,11380,8,No,12,3,4,1,23,2.0,4.0,13.0,12,5,1
35.0,0,Travel_Rarely,1029,Research & Development,16,3,Life Sciences,1529,4.0,Female,91,2,3,Healthcare Representative,2.0,Single,8606.0,21195,1,No,19,3,4,0,11,3.0,3.0,90.0,8,3,3
23.0,0,Travel_Rarely,507,Research & Development,20,1,Life Sciences,1533,1.0,Male,97,3,2,Laboratory Technician,3.0,Single,4960.0,24812,0,No,-5,3,2,0,5,2.0,3.0,4.0,3,1,2
40.0,1,Travel_Rarely,676,Research & Development,9,4,Life Sciences,1534,4.0,Male,86,3,1,Laboratory Technician,1.0,Single,2018.0,21831,3,No,14,3,2,0,15,3.0,1.0,5.0,4,1,0
34.0,0,Travel_Rarely,971,Sales,1,3,Technical Degree,1535,4.0,Male,64,2,3,Sales Executive,3.0,Married,7083.0,12288,1,Yes,14,3,4,0,10,3.0,3.0,10.0,9,8,6
31.0,1,Travel_Frequently,561,Research & Development,3,3,Life Sciences,1537,4.0,Female,33,3,1,Research Scientist,3.0,Single,4084.0,4156,1,No,12,3,1,0,7,2.0,1.0,7.0,2,7,7
50.0,0,Travel_Frequently,333,Research & Development,22,5,Medical,1539,3.0,Male,88,1,4,Research Director,4.0,Single,14411.0,24450,1,Yes,13,3,4,0,32,2.0,3.0,32.0,6,13,9
34.0,0,Travel_Rarely,1440,Sales,7,2,Technical Degree,1541,2.0,Male,55,3,1,Sales Representative,3.0,Married,2308.0,4944,0,Yes,25,4,2,1,12,4.0,3.0,11.0,10,5,7
42.0,0,Travel_Rarely,1210,Research & Development,2,3,Medical,1542,3.0,Male,68,2,1,Laboratory Technician,2.0,Married,4960.0,24052,4,No,14,3,2,1,4,3.0,3.0,1.0,0,0,0
37.0,0,Travel_Rarely,674,research & development,13,3,Medical,1543,1.0,Male,47,3,2,Research Scientist,3.0,Married,4285.0,3031,1,No,17,3,1,0,10,2.0,3.0,10.0,8,3,7
29.0,0,Travel_Rarely,441,Research & Development,8,1,Other,1544,3.0,Female,39,1,2,Healthcare Representative,1.0,Married,9715.0,7288,3,No,13,3,3,1,9,3.0,3.0,5.0,7,0,7
33.0,0,Travel_Rarely,575,Research & Development,25,3,Life Sciences,1545,4.0,Male,44,2,2,Manufacturing Director,2.0,Single,4320.0,24152,1,No,13,3,4,0,5,3.0,3.0,5.0,3,0,2
45.0,0,Travel_Rarely,950,Research & Development,28,3,Technical Degree,1546,3.0,Male,97,3,1,Research Scientist,3.0,Married,2132.0,4585,4,No,20,4,4,1,8,3.0,3.0,5.0,4,0,3
42.0,0,Travel_Frequently,288,Research & Development,2,3,Life Sciences,1547,4.0,Male,40,3,3,Healthcare Representative,4.0,Married,10124.0,18611,2,Yes,14,3,3,1,24,3.0,1.0,5.0,8,13,9
40.0,0,Travel_Rarely,1342,Sales,9,2,Medical,1548,1.0,Male,47,3,2,sales executive,3.0,Married,5473.0,19345,0,No,12,3,4,0,9,5.0,4.0,8.0,4,7,1
33.0,0,Travel_Rarely,589,Research & Development,28,4,Life Sciences,1549,2.0,Male,79,3,2,laboratory technician,3.0,Married,5207.0,22949,1,Yes,12,3,2,1,15,3.0,3.0,15.0,14,5,7
40.0,0,Travel_Rarely,898,Human Resources,6,2,Medical,1550,3.0,Male,38,3,4,Manager,4.0,Single,16437.0,17381,1,Yes,21,4,4,0,21,2.0,3.0,5.0,7,7,7
24.0,0,Travel_Rarely,350,Research & Development,21,2,Technical Degree,1551,3.0,Male,57,2,1,Laboratory Technician,1.0,Divorced,2296.0,10036,0,No,14,3,2,3,2,3.0,3.0,1.0,1,0,0
40.0,0,Non-Travel,1142,Research & Development,8,2,Life Sciences,1552,4.0,Male,72,3,2,Healthcare Representative,4.0,Divorced,4069.0,8841,3,Yes,18,3,3,0,8,2.0,3.0,2.0,2,2,2
45.0,0,Travel_Rarely,538,Research & Development,1,4,Technical Degree,1553,3.0,Male,66,3,3,Healthcare Representative,2.0,Divorced,4960.0,20933,1,No,12,3,1,3,10,4.0,3.0,10.0,8,7,7
35.0,0,Travel_Rarely,1402,Sales,28,4,Life Sciences,1554,2.0,Female,98,2,1,Sales Representative,3.0,Married,2430.0,26204,0,No,23,4,1,2,6,5.0,3.0,5.0,3,4,2
32.0,0,Travel_Rarely,824,Research & Development,5,2,Life Sciences,1555,4.0,Female,67,2,2,Research Scientist,2.0,Married,5878.0,15624,3,No,12,3,1,1,12,2.0,3.0,7.0,1,2,5
36.0,0,Travel_Rarely,1157,Sales,2,4,Life Sciences,1556,3.0,Male,70,3,1,Sales Representative,4.0,Single,2644.0,17001,3,Yes,21,4,4,0,7,3.0,2.0,5.0,2,1,2
36.0,0,Travel_Rarely,492,Sales,16,4,Life Sciences,1557,3.0,Female,96,3,2,Sales Executive,3.0,Divorced,6439.0,13693,8,No,14,3,3,1,18,2.0,3.0,8.0,7,7,7
29.0,0,Travel_Rarely,598,Research & Development,9,3,Life Sciences,1558,3.0,Male,91,4,1,Research Scientist,3.0,Married,2451.0,22376,6,No,18,3,1,2,5,2.0,3.0,1.0,0,0,0
33.0,0,Travel_Rarely,1242,Sales,8,4,Life Sciences,1560,1.0,Male,46,3,2,Sales Executive,1.0,Married,6392.0,10589,2,No,13,3,4,1,8,6.0,1.0,2.0,2,2,2
30.0,1,Travel_Rarely,740,Sales,1,3,Life Sciences,1562,2.0,Male,64,2,2,Sales Executive,1.0,Married,9714.0,5323,1,No,11,3,4,1,10,4.0,3.0,10.0,8,6,7
38.0,0,Travel_Frequently,888,Human Resources,10,4,Human Resources,1563,3.0,Male,71,3,2,Human Resources,3.0,Married,6077.0,14814,3,No,11,3,3,0,10,2.0,3.0,6.0,3,1,2
35.0,0,Travel_Rarely,992,Research & Development,1,3,Medical,1564,4.0,Male,68,2,1,Laboratory Technician,1.0,Single,4960.0,21731,1,No,19,3,2,0,3,3.0,3.0,3.0,0,1,2
30.0,0,Travel_Rarely,1288,SALES,29,4,Technical Degree,1568,3.0,Male,33,3,3,Sales Executive,2.0,Married,9250.0,17799,3,No,12,3,2,1,9,3.0,3.0,4.0,2,1,3
35.0,1,Travel_Rarely,104,Research & Development,2,3,Life Sciences,1569,1.0,Female,69,3,1,Laboratory Technician,1.0,Divorced,2074.0,26619,1,Yes,12,3,4,1,1,2.0,3.0,1.0,0,0,0
53.0,1,Travel_Rarely,607,Research & Development,2,5,Technical Degree,1572,3.0,Female,78,2,3,Manufacturing Director,4.0,Married,10169.0,14618,0,No,16,3,2,1,34,4.0,3.0,33.0,7,1,9
38.0,1,Travel_Rarely,903,Research & Development,2,3,Medical,1573,3.0,Male,81,3,2,Manufacturing Director,3.0,Married,4855.0,7653,4,No,11,3,1,2,7,2.0,3.0,5.0,2,1,4
32.0,0,Non-Travel,1200,Research & Development,1,4,Technical Degree,1574,4.0,Male,62,3,2,Research Scientist,3.0,Married,4087.0,25174,4,No,14,3,2,1,9,3.0,2.0,6.0,5,1,2
36.0,0,Travel_Rarely,1108,Research & Development,15,4,Other,1576,3.0,Female,65,3,1,Research Scientist,1.0,Married,2367.0,16530,8,No,12,3,4,1,10,3.0,2.0,8.0,2,7,6
34.0,0,Travel_Rarely,479,Research & Development,7,4,Medical,1577,1.0,Male,35,3,1,Research Scientist,4.0,Single,2972.0,22061,1,No,13,3,3,0,1,4.0,1.0,1.0,0,0,0
55.0,0,Travel_Rarely,685,Sales,26,5,Marketing,1578,3.0,Male,60,2,5,Manager,4.0,Married,19586.0,23037,1,No,21,4,3,1,36,3.0,3.0,36.0,6,2,13
34.0,0,Travel_Rarely,1351,Research & Development,1,4,Life Sciences,1580,2.0,Male,45,3,2,Research Scientist,4.0,Married,5484.0,13008,9,No,17,3,2,1,9,3.0,2.0,2.0,2,2,1
26.0,0,Travel_Rarely,474,Research & Development,3,3,Life Sciences,1581,1.0,Female,89,3,1,Research Scientist,4.0,Married,2061.0,11133,1,No,21,4,1,0,1,5.0,3.0,1.0,0,0,0
38.0,0,Travel_Rarely,1245,Sales,14,3,Life Sciences,1582,3.0,Male,80,3,2,Sales Executive,2.0,Married,9924.0,12355,0,No,11,3,4,1,10,3.0,3.0,9.0,8,7,7
38.0,0,Travel_Rarely,437,Sales,16,3,Life Sciences,1583,2.0,Female,90,3,2,Sales Executive,3.0,Single,4198.0,16379,2,No,12,3,2,0,8,5.0,4.0,3.0,2,1,2
36.0,0,Travel_Rarely,884,Sales,-20,4,Life Sciences,1585,2.0,Female,73,3,2,Sales Executive,3.0,Single,4960.0,21447,6,No,13,3,1,0,15,5.0,3.0,1.0,0,0,0
36.0,0,Travel_Rarely,1370,Research & Development,3,1,Medical,1586,2.0,Male,87,3,1,Laboratory Technician,1.0,Single,4723.0,16213,1,Yes,18,3,4,0,10,3.0,3.0,10.0,9,1,5
35.0,0,Travel_Rarely ,670,Research & Development,10,4,Medical,1587,1.0,Female,51,3,2,Healthcare Representative,3.0,Single,6142.0,4223,3,Yes,16,3,3,0,10,4.0,3.0,5.0,2,0,4
39.0,0,Travel_Rarely,1462,Sales,6,3,Medical,1588,4.0,Male,38,4,3,Sales Executive,3.0,Married,8237.0,4658,2,No,11,3,1,1,11,3.0,3.0,7.0,6,7,6
29.0,0,Travel_Frequently,995,Research & Development,2,1,Life Sciences,1590,1.0,Male,87,3,2,Healthcare Representative,4.0,Divorced,8853.0,24483,1,No,19,3,4,1,6,0.0,4.0,6.0,4,1,3
50.0,0,Travel_Rarely,264,Sales,9,3,Marketing,1591,3.0,Unknown,59,3,5,Manager,3.0,Married,19331.0,19519,4,Yes,16,3,3,1,27,2.0,3.0,1.0,0,0,0
23.0,0,Travel_Rarely,977,Research & Development,10,3,Technical Degree,1592,4.0,Male,45,4,1,Research Scientist,3.0,Married,2073.0,12826,2,No,16,3,4,1,4,2.0,3.0,2.0,2,2,2
36.0,0,Travel_Frequently ,1302,Research & Development,6,4,Life Sciences,1594,3.0,Male,80,4,2,Laboratory Technician,1.0,Married,5562.0,19711,3,Yes,13,3,4,1,9,3.0,3.0,3.0,2,0,2
42.0,0,Travel_Rarely,1059,Research & Development,9,2,Other,1595,4.0,Male,93,2,5,Manager,4.0,Single,19613.0,26362,8,No,22,4,4,0,24,2.0,3.0,1.0,0,0,1
35.0,0,Travel_Rarely,750,Research & Development,28,3,Life Sciences,1596,2.0,Male,46,4,2,Laboratory Technician,3.0,Married,3407.0,25348,1,No,17,3,4,2,10,3.0,2.0,10.0,9,6,8
34.0,0,Travel_Frequently,653,Research & Development,10,4,Technical Degree,1597,4.0,Male,92,2,2,Healthcare Representative,3.0,Married,5063.0,15332,1,No,14,3,2,1,8,3.0,2.0,8.0,2,7,7
40.0,0,Travel_Rarely,118,Sales,14,2,Life Sciences,1598,4.0,Female,84,3,2,Sales Executive,1.0,Married,4639.0,11262,1,No,15,3,3,1,5,2.0,3.0,5.0,4,1,2
43.0,0,Travel_Rarely,990,Research & Development,27,3,Technical Degree,1599,4.0,Male,87,4,1,Laboratory Technician,2.0,Divorced,4876.0,5855,5,No,12,3,3,1,8,0.0,3.0,6.0,4,0,2
36.0,0,Travel_Rarely,1349,Research & Development,7,2,Life Sciences,1601,3.0,Male,63,2,1,Laboratory Technician,4.0,Married,2690.0,7713,1,No,18,3,4,1,1,5.0,2.0,1.0,0,0,1
46.0,0,Travel_Rarely,563,Sales,1,4,Life Sciences,1602,4.0,Male,56,4,4,Manager,3.0,Single,17567.0,3156,1,No,15,3,2,0,27,5.0,1.0,26.0,0,0,12
28.0,1,Travel_Rarely,329,Research & Development,24,3,Medical,1604,3.0,Male,51,3,1,Laboratory Technician,2.0,Married,2408.0,7324,1,Yes,17,3,3,3,1,3.0,3.0,1.0,1,0,0
22.0,0,Non-Travel,457,Research & Development,26,2,Other,1605,2.0,Female,85,2,1,Research Scientist,3.0,Married,2814.0,10293,1,Yes,14,3,2,0,4,3.0,2.0,4.0,2,1,3
50.0,0,Travel_Frequently,1234,Research & Development,20,5,Medical,1606,2.0,Male,41,3,4,Healthcare Representative,3.0,Married,11245.0,20689,2,Yes,15,3,3,1,32,3.0,3.0,30.0,8,12,13
150.0,0,Travel_Rarely,634,Research & Development,5,4,Other,1607,2.0,Female,35,4,1,Research Scientist,4.0,Married,3312.0,18783,3,No,17,3,4,2,6,3.0,3.0,3.0,2,0,2
44.0,0,Travel_Rarely,1313,Research & Development,7,3,Medical,1608,2.0,Female,31,3,5,Research Director,4.0,Divorced,19049.0,3549,0,Yes,14,3,4,1,23,4.0,2.0,5.0,7,1,10
30.0,0,Travel_Rarely,241,Research & Development,7,3,Medical,1609,2.0,Male,48,2,1,Research Scientist,2.0,Married,2141.0,5348,1,No,-5,3,2,1,6,3.0,2.0,6.0,4,1,1
45.0,0,Travel_Rarely,1015,Research & Development,5,5,Medical,1611,3.0,Female,50,1,2,Laboratory Technician,1.0,Single,5769.0,23447,1,Yes,14,3,1,0,10,3.0,3.0,10.0,7,1,4
45.0,0,Non-Travel,336,Sales,26,3,Marketing,1612,1.0,Male,52,2,2,Sales Executive,1.0,Married,4385.0,24162,1,No,15,3,1,1,10,2.0,3.0,10.0,7,4,5
31.0,0,Travel_Frequently,715,Sales,2,4,Other,1613,4.0,Male,54,3,2,Sales Executive,3.0,Single,4960.0,21602,7,No,13,3,4,0,10,3.0,3.0,5.0,2,0,3
36.0,0,Travel_Rarely,559,Research & Development,12,4,Life Sciences,1614,3.0,Female,76,3,2,Manufacturing Director,3.0,Married,4663.0,12421,9,Yes,12,3,2,2,7,2.0,3.0,3.0,2,1,1
34.0,0,Travel_Frequently,426,Research & Development,10,4,Life Sciences,1615,3.0,Male,42,4,2,Manufacturing Director,3.0,Divorced,4724.0,17000,1,No,13,3,1,1,9,3.0,3.0,9.0,7,7,2
49.0,0,Travel_Rarely,722,Research & Development,25,4,Life Sciences,1617,3.0,Female,84,3,1,Laboratory Technician,1.0,Married,3211.0,22102,1,No,14,3,4,1,10,3.0,2.0,9.0,6,1,4
39.0,0,Travel_Rarely,1387,Research & Development,10,5,Medical,1618,2.0,Male,76,3,2,Manufacturing Director,1.0,Married,5377.0,3835,2,No,13,3,4,3,10,3.0,3.0,7.0,7,7,7
27.0,0,Travel_Rarely,1302,Research & Development,19,3,Other,1619,4.0,Male,67,2,1,Laboratory Technician,1.0,Divorced,4066.0,16290,1,No,11,3,1,2,7,3.0,3.0,7.0,7,0,7
35.0,0,Travel_Rarely,819,Research & Development,18,5,Life Sciences,1621,2.0,Male,48,4,2,Research Scientist,1.0,Married,5208.0,26312,1,No,11,3,4,0,16,2.0,3.0,16.0,15,1,10
36.0,0,Travel_Rarely,580,Research & Development,27,3,Medical,1622,2.0,Female,39,1,2,Manufacturing Director,1.0,Divorced,4960.0,20460,0,No,21,4,2,1,6,5.0,2.0,5.0,3,0,0
21.0,0,Travel_Rarely,546,Research & Development,5,1,Medical,1623,3.0,Male,97,3,1,Research Scientist,4.0,Single,3117.0,26009,1,No,18,3,3,0,3,3.0,3.0,2.0,2,2,2
18.0,1,Travel_Frequently,544,Sales,3,2,Medical,1624,3.0,Female,70,3,1,Sales Representative,4.0,Single,1569.0,18420,1,Yes,12,3,3,0,0,2.0,4.0,0.0,0,0,0
47.0,0,Travel_Rarely,1176,Human Resources,26,4,Life Sciences,1625,3.0,Female,98,3,5,Manager,3.0,Married,19658.0,5220,3,No,11,3,3,1,27,2.0,3.0,5.0,2,1,0
39.0,0,Travel_Rarely,170,Research & Development,3,2,Medical,1627,3.0,Male,76,2,2,LABORATORY TECHNICIAN,3.0,Divorced,3069.0,10302,0,No,15,3,4,1,11,3.0,3.0,10.0,8,0,7
36.0,0,Travel_Rarely,884,Research & Development,15,3,Life Sciences,1628,1.0,Female,80,2,3,Manufacturing Director,3.0,Married,4960.0,25800,1,No,13,3,4,2,18,2.0,3.0,18.0,15,14,12
35.0,0,Non-Travel,208,Research & Development,8,4,Life Sciences,1630,3.0,Female,52,3,2,Healthcare Representative,3.0,Married,4148.0,12250,1,No,12,3,4,1,15,5.0,3.0,14.0,11,2,9
37.0,0,Travel_Rarely,671,Research & Development,19,3,Life Sciences,1631,3.0,Male,85,3,2,Manufacturing Director,3.0,Married,5768.0,26493,3,No,17,3,1,3,9,2.0,2.0,4.0,3,0,2
39.0,0,Travel_Frequently,711,Research & Development,4,3,Medical,1633,1.0,Female,81,3,2,Manufacturing Director,3.0,Single,5042.0,3140,0,No,13,3,4,0,10,2.0,1.0,9.0,2,3,8
45.0,0,Travel_Rarely,1329,Research & Development,2,2,Other,1635,4.0,Female,59,2,2,Manufacturing Director,4.0,Divorced,5770.0,5388,1,No,19,3,1,2,10,3.0,3.0,10.0,7,3,9
38.0,0,Travel_Rarely,397,Research & Development,2,2,Medical,1638,3.0,Female,54,2,3,Manufacturing Director,3.0,Married,7756.0,14199,3,Yes,19,3,4,1,10,6.0,4.0,5.0,4,0,2
35.0,1,Travel_Rarely,737,Sales,10,3,Medical,1639,4.0,Male,55,2,3,Sales Executive,1.0,Married,10306.0,21530,9,No,17,3,3,0,15,3.0,3.0,13.0,12,6,0
36.0,0,Travel_Rarely,1470,Research & Development,10,3,Medical,1640,2.0,Female,71,3,1,Research Scientist,2.0,Married,3936.0,9953,1,No,11,3,1,1,8,2.0,1.0,8.0,4,7,7
40.0,0,Travel_Rarely,448,Research & Development,16,3,Life Sciences,1641,3.0,Female,84,3,3,Manufacturing Director,4.0,Single,7945.0,19948,6,Yes,15,3,4,0,18,2.0,2.0,4.0,2,3,3
44.0,0,Travel_Frequently,602,Human Resources,1,5,Human Resources,1642,1.0,Male,37,3,2,Human Resources,4.0,Married,5743.0,10503,4,Yes,11,3,3,0,14,3.0,3.0,10.0,7,0,2
48.0,0,Travel_Frequently,365,Research & Development,4,5,Medical,1644,3.0,Male,89,2,4,Manager,4.0,Married,15202.0,5602,2,No,25,4,2,1,23,3.0,3.0,2.0,2,2,2
35.0,1,Travel_Rarely,763,Sales,15,2,Medical,1645,1.0,Male,59,1,2,Sales Executive,4.0,Divorced,5440.0,22098,6,Yes,14,3,4,2,7,2.0,2.0,2.0,2,2,2
24.0,0,Travel_Frequently,567,Research & Development,2,1,Technical Degree,1646,3.0,Female,32,3,1,Research Scientist,4.0,Single,3760.0,17218,1,Yes,13,3,3,0,6,2.0,3.0,6.0,3,1,3
27.0,0,Travel_Rarely,486,Research & Development,8,3,Medical,1647,3.0,Female,86,4,1,Research Scientist,3.0,Married,3517.0,22490,7,No,17,3,1,0,5,0.0,3.0,3.0,2,0,2
27.0,0,Travel_Frequently,591,Research & Development,2,3,Medical,1648,4.0,Male,87,3,1,Research Scientist,4.0,Single,2580.0,6297,2,No,13,3,3,0,6,0.0,2.0,4.0,2,1,2
40.0,1,Travel_Rarely,1329,Research & Development,7,3,Life Sciences,1649,1.0,Male,73,3,1,Laboratory Technician,1.0,Single,2166.0,3339,3,Yes,14,3,2,0,10,3.0,1.0,4.0,2,0,3
29.0,0,Travel_Rarely,469,Sales,10,3,Medical,1650,3.0,Male,42,2,2,Sales Executive,3.0,Single,5869.0,23413,9,No,11,3,3,0,8,3.0,3.0,5.0,2,1,4
36.0,0,Travel_Rarely,711,Research & Development,5,4,Life Sciences,1651,2.0,Female,42,3,3,Healthcare Representative,3.0,Married,8008.0,22792,4,No,12,3,3,2,9,6.0,3.0,3.0,2,0,2
36.0,0,Travel_Frequently,772,Research & Development,2,1,Life Sciences,1653,4.0,Male,77,4,2,Manufacturing Director,3.0,Divorced,5206.0,4973,1,No,17,3,3,2,7,3.0,3.0,7.0,7,0,7
39.0,0,Travel_Rarely,492,Research & Development,12,3,Medical,1654,4.0,Male,66,3,2,Manufacturing Director,3.0,Married,5295.0,7693,4,No,21,4,3,0,7,3.0,3.0,5.0,4,1,0
49.0,0,Travel_Rarely,301,Research & Development,22,4,Other,1655,1.0,Female,72,3,4,Research Director,3.0,Married,16413.0,3498,3,No,16,3,2,2,27,2.0,3.0,4.0,2,1,2
50.0,0,Travel_Rarely,813,Research & Development,17,5,Life Sciences,1656,4.0,Female,50,2,3,Research Director,1.0,Divorced,4960.0,21981,5,No,15,3,3,3,19,3.0,3.0,14.0,11,1,11
20.0,0,Travel_Rarely,1141,Sales,2,3,Medical,1657,3.0,Female,31,3,1,Sales Representative,3.0,Single,2783.0,13251,1,No,19,3,1,0,2,3.0,3.0,2.0,2,2,2
34.0,0,Travel_Rarely,1130,Research & Development,3,3,Life Sciences,1658,4.0,Female,66,3,2,Research Scientist,2.0,Divorced,500000.0,19332,1,No,12,3,3,1,11,2.0,3.0,11.0,8,7,9
36.0,0,Travel_Rarely,311,Research & Development,7,3,Life Sciences,1659,1.0,Male,77,3,1,Laboratory Technician,3.0,Single,2013.0,10950,2,No,11,3,3,0,15,4.0,3.0,4.0,3,1,3
49.0,0,Travel_Rarely,465,Research & Development,6,1,Life Sciences,1661,3.0,Female,41,2,4,Healthcare Representative,3.0,Married,13966.0,11652,2,Yes,19,3,2,1,30,3.0,3.0,15.0,11,2,12
36.0,0,Non-Travel,894,Research & Development,1,4,Medical,1662,3.0,Female,33,2,2,manufacturing director,3.0,Married,4374.0,15411,0,No,15,3,3,0,4,6.0,3.0,3.0,2,1,2
36.0,0,Travel_Rarely,1040,Research & Development,3,2,Life Sciences,1664,4.0,Male,79,4,2,Healthcare Representative,1.0,Divorced,6842.0,26308,6,No,20,4,1,1,13,3.0,3.0,5.0,4,0,4
54.0,0,Travel_Rarely,584,Research & Development,22,5,Medical,1665,2.0,Female,91,3,4,Manager,3.0,Married,4960.0,18685,3,No,25,4,3,1,36,6.0,3.0,10.0,8,4,7
43.0,0,Travel_Rarely,1291,Research & Development,15,2,Life Sciences,1666,3.0,Male,65,2,4,Research Director,3.0,Married,4960.0,3525,1,No,24,4,1,1,14,3.0,3.0,14.0,10,6,11
35.0,1,Travel_Frequently,880,Sales,12,4,Other,1667,4.0,Male,36,3,2,Sales Executive,4.0,Single,4581.0,10414,3,Yes,24,4,1,0,13,2.0,4.0,11.0,9,6,7
38.0,0,Travel_Frequently,1189,Research & Development,1,3,Life Sciences,1668,4.0,Male,90,3,2,Research Scientist,3.0,Married,4735.0,9867,7,No,15,3,4,2,19,4.0,4.0,13.0,11,2,9
29.0,0,Travel_Rarely,991,Sales,5,3,Medical,1669,1.0,Male,43,2,2,Sales Executive,2.0,Divorced,4187.0,3356,1,Yes,13,3,2,1,10,3.0,2.0,10.0,0,0,9
33.0,0,Travel_Rarely,392,Sales,2,4,Medical,1670,4.0,Male,93,3,2,Sales Executive,4.0,Divorced,5505.0,3921,1,No,14,3,3,2,6,5.0,3.0,6.0,2,0,4
32.0,0,Travel_Rarely,977,Research & Development,2,3,Medical,1671,4.0,Male,45,3,2,Research Scientist,2.0,Divorced,5470.0,25518,0,No,13,3,3,2,10,4.0,2.0,9.0,5,1,6
31.0,0,Travel_Rarely,1112,Sales,5,4,Life Sciences,1673,1.0,Female,67,3,2,Sales Executive,4.0,Married,5476.0,22589,1,No,11,3,1,2,10,2.0,3.0,10.0,0,0,2
49.0,0,Travel_Rarely,464,Research & Development,16,3,Medical,1674,4.0,Female,74,3,1,Laboratory Technician,1.0,Divorced,2587.0,24941,4,Yes,16,3,2,1,17,2.0,2.0,2.0,2,2,2
38.0,0,Travel_Frequently,148,Research & Development,2,3,Medical,1675,4.0,Female,42,2,1,Laboratory Technician,2.0,Single,2440.0,23826,1,No,22,4,2,0,4,3.0,3.0,4.0,3,3,3
47.0,0,Travel_Rarely,1225,Sales,2,4,Life Sciences,1676,2.0,Female,47,4,4,Manager,2.0,Divorced,15972.0,21086,6,No,14,3,3,3,29,2.0,3.0,3.0,2,1,2
49.0,0,Travel_Rarely,809,Research & Development,1,3,Life Sciences,1677,3.0,Male,36,3,4,Manager,3.0,Single,15379.0,22384,4,No,14,3,1,0,23,2.0,3.0,8.0,7,0,0
41.0,0,Travel_Rarely,1206,Sales,23,2,Life Sciences,1678,4.0,Male,80,3,3,Sales Executive,3.0,Single,7082.0,11591,3,Yes,16,3,4,0,21,2.0,3.0,2.0,0,0,2
20.0,0,Travel_Rarely,727,Sales,9,1,Life Sciences,1680,4.0,Male,54,3,1,Sales Representative,1.0,Single,2728.0,21082,1,No,11,3,1,0,2,3.0,3.0,2.0,2,0,2
33.0,0,Non-Travel,530,Sales,16,3,Life Sciences,1681,3.0,Female,36,3,2,Sales Executive,4.0,Divorced,5368.0,16130,1,Yes,25,4,3,1,7,2.0,3.0,6.0,5,1,2
36.0,0,Travel_Rarely,1351,Research & Development,26,4,Life Sciences,1682,1.0,Male,80,3,2,Healthcare Representative,3.0,Married,5347.0,7419,6,No,14,3,2,2,10,2.0,2.0,3.0,2,0,2
44.0,0,Travel_Rarely,528,Human Resources,1,3,Life Sciences,1683,3.0,Female,44,3,1,Human Resources,4.0,Divorced,3195.0,4167,4,Yes,18,3,1,3,8,2.0,3.0,2.0,2,2,2
23.0,1,Travel_Rarely,1320,Research & Development,8,1,Medical,1684,4.0,Male,93,2,1,Laboratory Technician,3.0,Single,3989.0,20586,1,Yes,11,3,1,0,5,2.0,3.0,5.0,4,1,2
38.0,0,Travel_Rarely,1495,Research & Development,4,2,Medical,1687,4.0,Female,87,3,1,Laboratory Technician,3.0,Married,3306.0,26176,7,No,19,3,4,1,7,5.0,2.0,0.0,0,0,0
53.0,0,Travel_Rarely,1395,research & development,24,4,Medical,1689,2.0,Male,48,4,3,HEALTHCARE REPRESENTATIVE,4.0,Married,4960.0,3458,3,No,15,3,3,0,11,2.0,3.0,4.0,3,1,2
48.0,1,Travel_Frequently,708,Sales,7,2,Medical,1691,4.0,Female,95,3,1,Sales Representative,3.0,Married,2655.0,11740,2,Yes,11,3,3,2,19,3.0,3.0,9.0,7,7,7
2.0,1,Travel_Rarely,1259,Research & Development,2,4,Life Sciences,1692,4.0,Male,95,3,1,Laboratory Technician,2.0,Single,1393.0,24852,1,No,12,3,1,0,1,3.0,3.0,1.0,0,0,0
26.0,0,Non-Travel,786,Research & Development,7,3,Medical,1693,4.0,Male,76,3,1,Laboratory Technician,4.0,Single,4960.0,11925,1,No,20,4,3,0,7,5.0,3.0,7.0,7,5,7
55.0,0,Travel_Rarely,1441,Research & Development,22,3,Technical Degree,1694,1.0,Male,94,2,1,Research Scientist,2.0,Divorced,4960.0,23737,5,No,12,3,4,1,8,1.0,3.0,4.0,2,1,2
34.0,0,Travel_Rarely,1157,Research & Development,5,2,Medical,1696,2.0,Unknown,57,2,2,Laboratory Technician,4.0,Married,3986.0,11912,1,No,14,3,3,1,15,3.0,4.0,15.0,10,4,13
60.0,0,Travel_Rarely,370,Research & Development,1,4,Medical,1697,3.0,Male,92,1,3,Healthcare Representative,4.0,Divorced,10883.0,20467,3,No,20,4,3,1,19,2.0,4.0,1.0,0,0,0
33.0,0,Travel_Rarely,267,Research & Development,21,3,Medical,1698,2.0,Male,79,4,1,Laboratory Technician,2.0,Married,2028.0,13637,1,No,18,3,4,3,14,6.0,3.0,14.0,11,2,13
37.0,0,Travel_Frequently,1278,Sales,1,4,Medical,1700,3.0,Male,31,1,2,Sales Executive,4.0,Divorced,9525.0,7677,1,No,14,3,3,2,6,2.0,2.0,6.0,3,1,3
34.0,0,Travel_Rarely,678,Research & Development,19,3,Life Sciences,1701,2.0,Female,35,2,1,Research Scientist,4.0,Married,2929.0,20338,1,No,12,3,2,0,10,3.0,3.0,10.0,9,8,7
36.0,1,Travel_Rarely ,427,Sales,7,3,Life Sciences,1702,3.0,Male,99,3,1,Sales Representative,4.0,Divorced,2275.0,25103,1,Yes,21,4,2,1,3,2.0,3.0,3.0,2,0,2
44.0,0,Travel_Rarely,921,Research & Development,2,3,Life Sciences,1703,3.0,Female,96,4,3,Healthcare Representative,4.0,Married,7879.0,14810,1,Yes,19,3,2,1,9,2.0,3.0,8.0,7,6,7
35.0,0,Travel_Frequently,146,Research & Development,2,4,Medical,1704,1.0,Male,79,2,1,Research Scientist,4.0,Single,4930.0,13970,0,Yes,14,3,3,0,6,2.0,4.0,5.0,4,1,4
43.0,0,Travel_Rarely,1179,Sales,2,3,Medical,1706,3.0,Male,73,3,2,Sales Executive,4.0,Married,7847.0,6069,1,Yes,17,3,1,1,10,3.0,3.0,10.0,9,8,8
24.0,0,Travel_Rarely,581,Research & Development,9,3,Medical,1707,3.0,Male,62,4,1,Research Scientist,3.0,Married,4401.0,17616,1,No,16,3,4,1,5,1.0,3.0,5.0,3,0,4
41.0,0,Travel_Rarely,918,Sales,6,3,Marketing,1708,4.0,Male,35,3,3,Sales Executive,3.0,Single,9241.0,15869,1,No,12,3,2,0,10,3.0,3.0,10.0,8,8,7
29.0,0,Travel_Rarely,1082,Research & Development,9,4,Medical,1709,4.0,Female,43,3,1,Laboratory Technician,3.0,Married,2974.0,25412,9,No,17,3,3,1,9,3.0,3.0,5.0,3,1,2
36.0,0,Travel_Rarely,530,Sales,2,4,Life Sciences,1710,3.0,Female,51,3,2,Sales Representative,4.0,Single,4960.0,7439,3,No,15,3,3,0,17,2.0,2.0,13.0,7,6,7
45.0,0,Non-Travel,1238,Research & Development,1,1,Life Sciences,1712,3.0,Male,74,2,3,Healthcare Representative,3.0,Married,10748.0,3395,3,No,23,4,4,1,25,3.0,2.0,23.0,15,14,4
24.0,1,Travel_Rarely,240,Human Resources,22,1,Human Resources,1714,4.0,Male,58,1,1,Human Resources,3.0,Married,1555.0,11585,1,No,11,3,3,1,1,3.0,3.0,1.0,0,0,0
47.0,1,Travel_Frequently,1093,Sales,9,3,Life Sciences,1716,3.0,Male,82,1,4,Sales Executive,3.0,Married,12936.0,24164,7,No,11,3,3,0,25,3.0,1.0,23.0,5,14,10
26.0,0,Travel_Rarely,390,Research & Development,17,4,Medical,1718,4.0,Male,62,1,1,Laboratory Technician,3.0,Married,2305.0,6217,1,No,15,3,3,3,3,3.0,4.0,3.0,2,0,2
45.0,0,Travel_Rarely,1005,Research & Development,28,2,Technical Degree,1719,4.0,Female,48,2,4,Research Director,2.0,Single,16704.0,17119,1,No,11,3,3,0,21,3.0,3.0,21.0,6,8,6
32.0,0,Travel_Frequently,585,Research & Development,10,3,Life Sciences,1720,3.0,Male,56,3,1,Research Scientist,3.0,Married,3433.0,17360,6,No,13,3,1,1,10,3.0,2.0,5.0,2,1,3
31.0,0,Travel_Rarely,741,Research & Development,2,4,Life Sciences,1721,2.0,Male,69,3,1,Laboratory Technician,3.0,Complicated,3477.0,18103,1,No,14,3,4,1,6,2.0,4.0,5.0,2,0,3
41.0,0, Non-Travel,552,Human Resources,4,3,Human Resources,1722,3.0,Male,60,1,2,Human Resources,2.0,Married,6430.0,20794,6,No,19,3,2,1,10,4.0,3.0,3.0,2,1,2
40.0,0,Travel_Rarely,369,Research & Development,8,2,Life Sciences,1724,2.0,Female,92,3,2,Manufacturing Director,1.0,Married,4960.0,5041,2,Yes,16,3,2,1,18,3.0,3.0,1.0,0,0,0
24.0,0,Travel_Rarely,506,Research & Development,29,1,Medical,1725,2.0,Male,91,3,1,Laboratory Technician,1.0,Divorced,3907.0,3622,1,No,13,3,2,3,6,2.0,4.0,6.0,2,1,2
46.0,0,Travel_Rarely,717,Research & Development,13,4,Life Sciences,1727,3.0,Male,34,3,2,healthcare representative,2.0,Single,5562.0,9697,6,No,14,3,4,0,19,3.0,3.0,10.0,7,0,9
35.0,0,Travel_Rarely,1370,Research & Development,27,4,Life Sciences,1728,4.0,Male,49,3,2,Manufacturing Director,3.0,Married,6883.0,5151,2,No,16,3,2,1,17,3.0,3.0,7.0,7,0,7
30.0,0,Travel_Rarely,793,Research & Development,16,1,Life Sciences,1729,2.0,Male,33,3,1,Research Scientist,3.0,Married,2862.0,3811,1,No,12,3,2,1,10,2.0,2.0,10.0,0,0,8
47.0,0,Non-Travel,543,Sales,2,4,Marketing,1731,3.0,Male,87,3,2,Sales Executive,2.0,Married,4978.0,3536,7,No,11,3,4,1,4,3.0,1.0,1.0,0,0,0
46.0,0,Travel_Rarely,1277,Sales,2,3,Life Sciences,1732,3.0,Male,74,3,3,Sales Executive,4.0,Divorced,10368.0,5596,4,Yes,12,3,2,1,13,5.0,2.0,10.0,6,0,3
36.0,1,Travel_Rarely,1456,Sales,13,5,Marketing,1733,2.0,Male,96,2,2,Sales Executive,1.0,Divorced,6134.0,8658,5,Yes,13,3,2,3,16,3.0,3.0,5.0,2,2,2
32.0,1,Travel_Rarely,964,Sales,1,2,Life Sciences,1734,3.0,Male,34,1,2,Sales Executive,2.0,Single,6735.0,12147,6,No,15,3,2,0,10,2.0,3.0,0.0,0,0,0
23.0,0,Travel_Rarely,160,Research & Development,4,1,Medical,1735,3.0,Female,51,3,1,Laboratory Technician,3.0,Single,3295.0,12862,1,No,13,3,3,0,3,3.0,1.0,3.0,2,1,2
31.0,0,Travel_Frequently,163,Research & Development,24,1,Technical Degree,1736,4.0,Female,30,3,2,Manufacturing Director,4.0,Single,5238.0,6670,2,No,20,4,4,0,9,3.0,2.0,5.0,4,1,4
39.0,0, Non-Travel,792,Research & Development,1,3,Life Sciences,1737,4.0,Male,77,3,2,Laboratory Technician,4.0,Married,6472.0,8989,1,Yes,15,3,4,1,9,2.0,3.0,9.0,8,5,8
32.0,0,Travel_Rarely,371,Sales,19,3,Life Sciences,1739,3.0,Male,80,1,3,Sales Executive,3.0,Married,9610.0,3840,3,No,13,3,3,1,10,2.0,1.0,4.0,3,0,2
40.0,0,Travel_Rarely,611,Sales,7,4,Medical,1740,3.0,Male,88,3,5,Manager,2.0,Single,19833.0,4349,1,No,14,3,2,0,21,3.0,3.0,21.0,8,12,8
45.0,0,Travel_Rarely,176,Human Resources,4,3,Life Sciences,1744,3.0,Female,56,1,3,Human Resources,3.0,Married,4960.0,6595,4,No,21,4,3,2,9,2.0,4.0,5.0,0,0,3
36.0,0,Travel_Frequently,1312,Research & Development,2,4,Technical Degree,1745,4.0,Female,78,2,1,Research Scientist,3.0,Single,4968.0,26427,0,No,16,3,4,0,10,2.0,3.0,5.0,7,0,7
24.0,0,Travel_Frequently,897,Human Resources,10,3,Medical,1746,1.0,Male,59,3,1,Human Resources,4.0,Married,2145.0,2097,0,No,14,3,4,1,3,2.0,3.0,5.0,2,2,1
30.0,1,Travel_Frequently,600,Human Resources,8,3,Human Resources,1747,3.0,Female,66,2,1,Human Resources,4.0,Divorced,2180.0,9732,6,No,11,3,3,1,6,0.0,2.0,5.0,2,1,2
31.0,0,Travel_Rarely,1003,Sales,5,3,Technical Degree,1749,1.0,Male,51,3,2,Sales Executive,3.0,Married,8346.0,20943,1,No,19,3,3,1,6,3.0,3.0,5.0,2,0,2
27.0,0,Travel_Rarely,1054,Research & Development,8,3,Medical,1751,3.0,Female,67,3,1,Research Scientist,3.0,Single,3445.0,6152,1,No,11,3,3,0,6,5.0,2.0,6.0,2,1,4
29.0,1,Travel_Rarely,428,Sales,9,3,Marketing,1752,2.0,Female,52,1,1,Sales Representative,2.0,Single,2760.0,14630,1,No,13,3,3,0,2,3.0,3.0,2.0,2,2,2
29.0,0,Travel_Frequently,461,Research & Development,1,3,Life Sciences,1753,4.0,Male,70,4,2,HEALTHCARE REPRESENTATIVE,3.0,Single,6294.0,23060,8,Yes,12,3,4,0,10,5.0,4.0,3.0,2,0,2
30.0,0,Travel_Rarely,979,Sales,15,2,Marketing,1754,3.0,Male,94,2,3,Sales Executive,1.0,Divorced,7140.0,3088,2,No,11,3,1,1,12,2.0,3.0,5.0,7,1,7
34.0,0,Travel_Rarely,181,Research & Development,2,4,Medical,1755,4.0,Male,97,4,1,Research Scientist,4.0,Married,2932.0,5586,0,Yes,14,3,1,3,6,3.0,3.0,5.0,0,1,2
33.0,0,Non-Travel,1283,Sales,2,3,Marketing,1756,4.0,Female,62,3,2,Sales Executive,2.0,Single,5147.0,10697,8,No,15,3,4,0,13,2.0,2.0,11.0,7,1,7
36.0,0,Travel_Rarely,1313,Sales,11,4,Marketing,1757,4.0,Female,80,3,2,Sales Executive,4.0,Single,4960.0,8191,3,No,12,3,3,0,8,1.0,4.0,5.0,1,0,4
33.0,1,Travel_Rarely,211,Sales,16,3,Life Sciences,1758,1.0,Female,74,3,3,Sales Executive,1.0,Single,8564.0,10092,2,Yes,20,4,3,0,11,2.0,2.0,0.0,0,0,0
38.0,0,Travel_Frequently,594,Research & Development,2,2,Medical,1760,3.0,Female,75,2,1,Laboratory Technician,2.0,Married,2468.0,15963,4,No,14,3,2,1,9,4.0,2.0,6.0,1,0,5
31.0,1,Travel_Rarely,1079,Sales,16,4,Marketing,1761,1.0,Male,70,3,3,Sales Executive,3.0,Married,8161.0,19002,2,No,13,3,1,3,10,2.0,3.0,5.0,0,0,0
29.0,0,Travel_Rarely,590,Research & Development,4,3,Technical Degree,1762,4.0,Female,91,2,1,Research Scientist,1.0,Divorced,2109.0,10007,1,No,13,3,3,1,1,2.0,3.0,1.0,0,0,0
30.0,0,Travel_Rarely,305,Research & Development,16,3,Life Sciences,1763,3.0,Male,58,4,2,Healthcare Representative,3.0,Married,5294.0,9128,3,No,16,3,3,1,10,3.0,3.0,7.0,0,1,7
32.0,0,Non-Travel,953,Research & Development,5,4,Technical Degree,1764,2.0,Male,65,3,1,Research Scientist,2.0,Single,2718.0,17674,2,No,14,3,2,0,12,3.0,3.0,7.0,7,0,7
38.0,0,Travel_Rarely,833,Research & Development,18,3,Medical,1766,2.0,Male,60,1,2,Healthcare Representative,4.0,Married,5811.0,24539,3,Yes,16,3,3,1,15,2.0,3.0,5.0,0,1,0
43.0,1,Travel_Frequently,807,Research & Development,17,3,Technical Degree,1767,3.0,Male,38,2,1,Research Scientist,3.0,Married,2437.0,15587,9,Yes,16,3,4,1,6,4.0,3.0,1.0,0,0,0
42.0,0,Travel_Rarely,855,Research & Development,12,3,Medical,1768,3.0,Male,57,3,1,Laboratory Technician,2.0,Divorced,2766.0,8952,8,No,22,4,2,3,7,6.0,2.0,5.0,3,0,4
55.0,0,Travel_Rarely,478,Research & Development,2,3,Medical,1770,3.0,Male,60,2,5,Research Director,1.0,Married,19038.0,19805,8,No,12,3,2,3,34,2.0,3.0,1.0,0,0,0
33.0,0,Non-Travel,775,Research & Development,4,3,Technical Degree,1771,4.0,Male,90,3,2,Research Scientist,2.0,Divorced,3055.0,6194,5,No,15,3,4,2,11,3.0,2.0,9.0,8,1,7
41.0,0,Travel_Rarely,548,Research & Development,9,4,Life Sciences,1772,3.0,Male,94,3,1,Laboratory Technician,1.0,Divorced,2289.0,20520,1,No,20,4,2,2,5,3.0,3.0,5.0,3,0,4
34.0,0,Non-Travel,1375,Sales,10,3,Life Sciences,1774,4.0,Male,87,3,2,Sales Executive,3.0,Divorced,4001.0,12313,1,Yes,14,3,3,1,15,3.0,3.0,15.0,14,0,7
53.0,0,Non-Travel,661,Research & Development,1,4,Medical,1775,1.0,Female,60,2,4,Manufacturing Director,3.0,Married,12965.0,22308,4,Yes,20,4,4,3,27,2.0,2.0,3.0,2,0,2
43.0,0,Travel_Rarely,244,Human Resources,2,3,Life Sciences,1778,3.0,Male,97,3,1,Human Resources,4.0,Single,3539.0,5033,0,No,13,3,2,0,10,5.0,3.0,9.0,7,1,8
34.0,0,Travel_Rarely,511,Sales,3,2,Life Sciences,1779,4.0,Female,32,1,2,Sales Executive,4.0,Other,6029.0,25353,5,No,12,3,1,0,6,3.0,3.0,2.0,2,2,2
21.0,1,Travel_Rarely,337,Sales,7,1,Marketing,1780,3.0,Male,31,3,1,Sales Representative,3.0,Single,4960.0,4567,1,No,13,3,2,0,1,3.0,3.0,1.0,0,1,0
38.0,0,Travel_Rarely,1153,Research & Development,6,2,Other,1782,4.0,Female,40,2,1,Laboratory Technician,3.0,Married,3702.0,16376,1,No,11,3,2,1,5,3.0,3.0,5.0,4,0,4
22.0,1,Travel_Rarely,1294,Research & Development,8,1,Medical,1783,3.0,Female,79,3,1,Laboratory Technician,3.0,Married,4960.0,15999,1,Yes,17,3,3,0,1,6.0,3.0,1.0,0,0,0
31.0,0,Travel_Rarely,196,Sales,29,4,Marketing,1784,1.0,Female,91,2,2,SALES EXECUTIVE,3.0,Married,4960.0,13402,1,No,14,3,1,2,13,3.0,3.0,12.0,7,5,7
51.0,0,Travel_Rarely,942,Research & Development,3,3,Technical Degree,1786,3.0,Female,53,3,3,Manager,3.0,Married,13116.0,22984,2,No,11,3,4,0,15,2.0,3.0,2.0,2,2,2
37.0,0,Travel_Rarely,589,Sales,9,2,Marketing,1787,2.0,Male,46,2,2,Sales Executive,2.0,Married,4189.0,8800,1,No,14,3,1,2,5,2.0,3.0,5.0,2,0,3
46.0,0,Travel_Rarely,734,Research & Development,2,4,Medical,1789,3.0,Male,46,3,5,Research Director,4.0,Divorced,19328.0,14218,7,Yes,17,3,3,1,24,3.0,3.0,2.0,1,2,2
36.0,0,Travel_Rarely,1383,Research & Development,10,3,Life Sciences,1790,4.0,Male,90,3,3,Healthcare Representative,1.0,Married,8321.0,25949,7,Yes,13,3,4,1,15,1.0,3.0,12.0,8,5,7
44.0,1,Travel_Frequently,429,Research & Development,1,2,Medical,1792,3.0,Male,99,3,1,Research Scientist,2.0,Divorced,2342.0,11092,1,Yes,12,3,3,3,6,2.0,2.0,5.0,3,2,3
37.0,0,Travel_Rarely,1239,Human Resources,8,2,Other,1794,3.0,Male,89,3,2,Human Resources,2.0,Divorced,4071.0,12832,2,No,13,3,3,0,19,4.0,2.0,10.0,0,4,7
35.0,1, Travel_Rarely,303,Sales,27,3,Life Sciences,1797,3.0,Male,84,3,2,Sales Executive,4.0,Single,5813.0,13492,1,Yes,18,3,4,0,10,2.0,3.0,10.0,7,7,7
33.0,0,Travel_Rarely,867,Research & Development,8,4,Life Sciences,1798,4.0,Male,90,4,1,Research Scientist,1.0,Married,3143.0,6076,6,No,19,3,2,1,14,1.0,3.0,10.0,8,7,6
28.0,0,Travel_Rarely,1181,Research & Development,1,3,Life Sciences,1799,3.0,Male,82,3,1,Research Scientist,4.0,Married,2044.0,5531,1,No,11,3,3,1,5,6.0,4.0,5.0,3,0,3
39.0,0,Travel_Rarely,1253,Research & Development,10,1,Medical,1800,3.0,Male,65,3,3,Research Director,3.0,Single,13464.0,7914,7,No,21,4,3,0,9,3.0,3.0,5.0,3,2,2
46.0,0,Non-Travel,849,Sales,26,2,Life Sciences,1801,2.0,Male,98,2,2,Sales Executive,3.0,Single,7991.0,25166,8,No,15,3,3,0,6,3.0,3.0,2.0,2,2,2
40.0,0,Travel_Rarely,616,Research & Development,2,2,Life Sciences,1802,3.0,Female,99,3,1,Laboratory Technician,1.0,Married,4960.0,25605,4,No,17,3,4,1,7,5.0,2.0,4.0,3,0,2
42.0,0,Travel_Rarely,1128,Research & Development,13,3,Medical,1803,2.0,Male,95,4,2,Healthcare Representative,1.0,Married,5538.0,5696,5,No,18,3,3,2,10,2.0,2.0,0.0,0,0,0
35.0,0,Non-Travel,1180,Research & Development,2,2,Medical,1804,2.0,Male,90,3,2,Manufacturing Director,4.0,Divorced,5762.0,24442,2,No,14,3,3,1,15,6.0,3.0,7.0,7,1,7
38.0,0,Non-Travel,1336,Human Resources,2,3,Human Resources,1805,1.0,Male,100,3,1,Human Resources,2.0,Divorced,2592.0,7129,5,No,13,3,4,3,13,3.0,3.0,11.0,10,3,8
34.0,1,Travel_Frequently,234,Research & Development,9,4,Life Sciences,1807,3.0,Male,93,3,2,Laboratory Technician,3.0,Married,5346.0,6208,4,No,17,3,3,1,11,3.0,2.0,7.0,1,0,7
37.0,1,Travel_Rarely,370,Research & Development,10,4,Medical,1809,4.0,Male,58,3,2,Manufacturing Director,1.0,Single,4213.0,4992,1,No,15,3,2,0,10,4.0,1.0,10.0,3,0,8
39.0,0,Travel_Frequently,766,Sales,20,3,Life Sciences,1812,3.0,Male,83,3,2,Sales Executive,4.0,Divorced,4127.0,19188,2,No,18,3,4,1,7,3.0,3.0,2.0,1,2,2
43.0,0,Non-Travel,343,Research & Development,9,3,Life Sciences,1813,1.0,Male,52,3,1,Research Scientist,3.0,Single,2438.0,24978,4,No,13,3,3,0,7,2.0,2.0,3.0,2,1,2
41.0,0,Travel_Rarely,447,Research & Development,5,3,Life Sciences,1814,2.0,Male,85,4,2,Healthcare Representative,2.0,Single,6870.0,15530,3,No,12,3,1,0,11,3.0,1.0,3.0,2,1,2
41.0,0,Travel_Rarely,796,Sales,4,1,Marketing,1815,3.0,Female,81,3,3,Sales Executive,3.0,Divorced,10447.0,26458,0,Yes,13,3,4,1,23,3.0,4.0,22.0,14,13,5
30.0,0,Travel_Rarely,1092,Research & Development,10,3,Medical,1816,1.0,Female,64,3,3,Manufacturing Director,3.0,Single,9667.0,2739,9,No,14,3,2,0,9,3.0,3.0,7.0,7,0,2
26.0,1,Travel_Rarely,920,Human Resources,20,2,Medical,1818,4.0,Female,69,3,1,Human Resources,2.0,Married,2148.0,6889,0,Yes,11,3,3,0,6,3.0,3.0,5.0,1,1,4
46.0,1,Travel_Rarely,261,Research & Development,21,2,Medical,1821,4.0,Female,66,3,2,Healthcare Representative,2.0,Married,8926.0,10842,4,No,22,4,4,1,13,2.0,4.0,9.0,7,3,7
40.0,0,Travel_Rarely,1194,Research & Development,1,3,Life Sciences,1822,3.0,Female,52,3,2,Healthcare Representative,4.0,Divorced,6513.0,9060,4,No,17,3,4,1,12,3.0,3.0,5.0,3,0,3
34.0,0,Travel_Rarely,810,Sales,8,2,Technical Degree,1823,2.0,Male,92,4,2,Sales Executive,3.0,Married,4960.0,22128,1,No,21,4,3,2,10,5.0,3.0,10.0,8,4,8
58.0,0,Non-Travel,350,Sales,2,3,Medical,1824,2.0,Male,52,3,4,Manager,2.0,Divorced,4960.0,22577,4,No,22,4,4,1,37,0.0,2.0,16.0,9,14,14
35.0,0,Travel_Rarely,185,Research & Development,23,4,Medical,1826,2.0,Male,91,1,1,Laboratory Technician,3.0,Married,2705.0,9696,0,No,16,3,2,1,6,2.0,4.0,5.0,4,0,3
47.0,0,Travel_Rarely,1001,Research & Development,4,3,Life Sciences,1827,3.0,Female,92,2,3,Manufacturing Director,3.0,Divorced,10333.0,19271,8,Yes,12,3,3,1,28,4.0,3.0,5.0,11,14,10
40.0,0,Travel_Rarely,750,Research & Development,12,3,Life Sciences,1829,2.0,Female,47,3,2,Healthcare Representative,1.0,Divorced,4960.0,10748,2,No,12,3,2,1,15,3.0,3.0,7.0,4,7,7
54.0,0,Travel_Rarely,431,Research & Development,7,4,Medical,1830,4.0,Female,68,3,2,Research Scientist,4.0,Married,4960.0,15696,4,No,15,3,2,1,14,2.0,3.0,7.0,1,1,7
31.0,0,Travel_Frequently,1125,Sales,7,4,Marketing,1833,1.0,Female,68,3,3,Sales Executive,3.0,Married,9637.0,8277,2,No,14,3,4,2,9,3.0,3.0,3.0,2,2,2
28.0,0,Travel_Rarely,1217,Research & Development,1,3,Medical,1834,3.0,Female,67,3,1,Research Scientist,1.0,Married,3591.0,12719,1,No,25,4,3,1,3,3.0,3.0,100.0,2,1,2
38.0,0,Travel_Rarely,723,Sales,2,4,Marketing,1835,3.0,Female,77,1,2,Sales Representative,4.0,Married,5405.0,4244,2,Yes,20,4,1,2,20,4.0,2.0,4.0,2,0,3
26.0,0,Travel_Rarely,572,Sales,10,3,Medical,1836,3.0,Male,46,3,2,Sales Executive,4.0,Single,4684.0,9125,1,No,13,3,1,0,5,4.0,3.0,5.0,3,1,2
58.0,0,Travel_Frequently,1216,Research & Development,15,4,Life Sciences,1837,1.0,Male,87,3,4,Research Director,3.0,Married,15787.0,21624,2,Yes,14,3,2,0,23,3.0,3.0,2.0,2,2,2
18.0,0,Non-Travel,1431,Research & Development,14,3,Medical,1839,2.0,Female,33,3,1,Research Scientist,3.0,Single,1514.0,8018,1,No,16,3,3,0,0,3.0,1.0,0.0,0,0,0
31.0,1,Travel_Rarely,359,Human Resources,18,5,Human Resources,1842,3.0,Male,89,4,1,Human Resources,1.0,Married,2956.0,21495,0,No,17,3,3,0,2,4.0,3.0,1.0,0,0,0
29.0,1,Travel_Rarely,350,Human Resources,13,3,Human Resources,1844,1.0,Male,56,2,1,Human Resources,1.0,Divorced,750000.0,3157,4,Yes,15,3,4,3,4,3.0,3.0,2.0,2,2,0
45.0,0,Non-Travel,589,Sales,2,4,Life Sciences,1845,3.0,Female,67,3,2,Sales Executive,3.0,Married,5154.0,19665,4,No,22,4,2,2,10,3.0,4.0,8.0,7,5,7
36.0,0,Travel_Rarely,430,Research & Development,2,4,Other,1847,3.0,Female,73,3,2,Research Scientist,2.0,Married,6962.0,19573,4,Yes,22,4,4,1,15,2.0,3.0,1.0,0,0,0
36.0,0,Travel_Frequently,1422,Sales,2,4,Life Sciences,1849,1.0,Male,92,3,2,Sales Executive,4.0,Married,5675.0,19246,1,No,20,4,3,1,7,5.0,3.0,7.0,7,7,7
27.0,0,Travel_Frequently,1297,Research & Development,5,2,Life Sciences,1850,4.0,Female,53,3,1,Laboratory Technician,3.0,Single,-5000.0,19826,0,Yes,14,3,3,0,6,3.0,2.0,5.0,4,0,2
29.0,0,Travel_Frequently,574,Research & Development,20,1,Medical,1852,4.0,Male,40,3,1,Laboratory Technician,4.0,Married,3812.0,7003,1,No,13,3,2,0,11,3.0,4.0,11.0,8,3,10
32.0,0,Travel_Frequently,1318,Sales,10,4,Marketing,1853,4.0,Male,79,3,2,Sales Executive,4.0,Single,4648.0,26075,8,No,13,3,3,0,4,2.0,4.0,0.0,0,0,0
42.0,0,Non-Travel,355,Research & Development,10,4,Technical Degree,1854,3.0,Male,38,3,1,Research Scientist,3.0,Married,2936.0,6161,3,No,22,4,2,2,10,1.0,2.0,6.0,3,3,3
47.0,0,Travel_Rarely,207,Research & Development,9,4,Life Sciences,1856,2.0,Female,64,3,1,Laboratory Technician,3.0,Single,2105.0,5411,4,No,12,3,3,0,7,2.0,3.0,2.0,2,2,0
46.0,0,Travel_Rarely,706,Research & Development,2,2,Life Sciences,1857,4.0,Male,82,3,3,Manufacturing Director,4.0,Divorced,8578.0,19989,3,No,14,3,3,1,12,4.0,2.0,9.0,8,4,7
28.0,0,Non-Travel,280,Human Resources,1,2,Life Sciences,1858,3.0,Male,43,3,1,Human Resources,4.0,Divorced,2706.0,10494,1,No,15,3,2,1,3,2.0,3.0,3.0,2,2,2
29.0,0,Travel_Rarely,726,Research & Development,29,1,Life Sciences,1859,4.0,Male,93,1,2,Healthcare Representative,3.0,Divorced,6384.0,21143,8,No,17,3,4,2,11,3.0,3.0,7.0,0,1,6
42.0,0,Travel_Rarely,1142,Research & Development,8,3,Life Sciences,1860,4.0,Male,81,3,1,Laboratory Technician,3.0,Single,3968.0,13624,4,No,13,3,4,0,8,3.0,3.0,0.0,0,0,0
36.0,1,Travel_Rarely,414,Sales,2,4,Marketing,1862,3.0,Male,82,2,2,Sales Executive,2.0,Single,9907.0,26186,7,Yes,12,3,3,0,7,3.0,2.0,2.0,2,2,2
46.0,0,Travel_Rarely,1319,Sales,3,3,Technical Degree,1863,1.0,Female,45,4,4,Sales Executive,1.0,Divorced,13225.0,7739,2,No,12,3,4,1,25,5.0,3.0,19.0,17,2,8
27.0,0,Travel_Rarely,728,Sales,23,1,Medical,1864,2.0,Female,36,2,2,Sales Representative,3.0,Married,750000.0,7018,1,No,21,4,4,1,9,5.0,3.0,9.0,8,5,8
29.0,0,Travel_Rarely,352,Human Resources,6,1,Medical,1865,4.0,Male,87,2,1,Human Resources,2.0,Married,2804.0,15434,1,No,11,3,4,0,1,3.0,3.0,1.0,0,0,0
43.0,0,Travel_Rarely,823,Research & Development,6,3,Medical,1866,1.0,Female,81,2,5,Manager,3.0,Married,19392.0,22539,7,No,13,3,4,0,21,3.0,3.0,16.0,12,6,14
36.0,0,Travel_Rarely,1224,Research & Development,10,3,Life Sciences,1867,4.0,Male,91,2,5,Research Director,2.0,Married,19665.0,13583,4,No,12,3,4,0,29,3.0,3.0,22.0,10,12,9
29.0,1,Travel_Frequently,459,Research & Development,24,2,Life Sciences,1868,4.0,Male,73,2,1,Research Scientist,4.0,Single,2439.0,14753,1,Yes,24,4,2,0,1,3.0,2.0,1.0,0,1,0
46.0,1,Travel_Rarely,1254,Sales,10,3,Life Sciences,1869,3.0,Female,64,3,3,Sales Executive,2.0,Married,7314.0,14011,5,No,21,4,3,3,14,2.0,3.0,8.0,7,0,7
27.0,0,Travel_Frequently ,1131,Research & Development,15,3,Life Sciences,1870,4.0,Female,77,2,1,Research Scientist,1.0,Married,4774.0,23844,0,No,19,3,4,1,8,2.0,2.0,7.0,6,7,3
39.0,0,Travel_Rarely,835,Research & Development,19,4,Other,1871,4.0,Male,41,3,2,Research Scientist,4.0,Divorced,3902.0,5141,8,No,14,3,2,3,7,2.0,3.0,2.0,2,2,2
55.0,0,Travel_Rarely,836,Research & Development,2,4,Technical Degree,1873,2.0,Male,98,2,1,Research Scientist,4.0,Married,2662.0,7975,8,No,20,4,2,1,19,2.0,4.0,5.0,2,0,4
28.0,0,Travel_Rarely,1172,Sales,3,3,Medical,1875,2.0,Female,78,3,1,Sales Representative,2.0,Married,2856.0,3692,1,No,19,3,4,1,1,3.0,3.0,1.0,0,0,0
30.0,1,Travel_Rarely,945,Sales,9,3,Medical,1876,2.0,Male,89,3,1,Sales Representative,4.0,Single,1081.0,16019,1,No,13,3,3,0,1,3.0,2.0,1.0,0,0,0
22.0,1,Travel_Rarely,391,Research & Development,7,1,Life Sciences,1878,4.0,Male,75,3,1,Research Scientist,2.0,Single,2472.0,26092,1,Yes,23,4,1,0,1,2.0,3.0,1.0,0,0,0
36.0,0,Travel_Rarely,1266,Sales,10,4,Technical Degree,1880,2.0,Female,63,2,2,Sales Executive,3.0,Married,5673.0,6060,1,Yes,13,3,1,1,10,4.0,3.0,10.0,9,1,7
31.0,0,Travel_Rarely,311,Research & Development,20,3,Life Sciences,1881,2.0,Male,89,3,2,Laboratory Technician,3.0,Divorced,4197.0,18624,1,No,11,3,1,1,10,2.0,3.0,10.0,8,0,2
34.0,0,Travel_Rarely,1480,Sales,4,3,Life Sciences,1882,3.0,Male,64,3,3,Sales Executive,4.0,Married,9713.0,24444,2,Yes,13,3,4,3,9,3.0,3.0,5.0,3,1,0
29.0,0,Travel_Rarely,592,Research & Development,7,3,Life Sciences,1883,4.0,Male,59,3,1,Laboratory Technician,1.0,Single,2062.0,19384,3,No,14,3,2,0,11,2.0,3.0,3.0,2,1,2
37.0,0,Travel_Rarely,783,Research & Development,7,4,Medical,1885,4.0,Male,78,3,2,Research Scientist,1.0,Married,4284.0,13588,5,Yes,22,4,3,1,16,2.0,3.0,5.0,3,0,4
35.0,0,Travel_Rarely,219,Research & Development,16,2,Other,1886,4.0,Female,44,2,2,Manufacturing Director,2.0,Married,4960.0,25388,0,Yes,11,3,4,0,4,2.0,3.0,3.0,2,0,2
45.0,0,Travel_Rarely ,556,Research & Development,25,2,Life Sciences,1888,2.0,Female,93,2,2,Manufacturing Director,4.0,Married,5906.0,23888,0,No,13,3,4,2,10,2.0,2.0,9.0,8,3,8
36.0,0,Travel_Frequently,1213,Human Resources,2,1,Human Resources,1890,2.0,Male,94,2,2,Human Resources,4.0,Single,3886.0,4223,1,No,21,4,4,0,10,3.0,2.0,10.0,1,0,8
40.0,0,Travel_Rarely,1137,Research & Development,1,4,Life Sciences,1892,1.0,Male,98,3,4,Manager,3.0,Divorced,16823.0,18991,2,No,11,3,1,1,22,3.0,3.0,19.0,7,11,16
26.0,0,Travel_Rarely,482,Research & Development,1,2,Life Sciences,1893,2.0,Female,90,2,1,Research Scientist,3.0,Married,2933.0,14908,1,Yes,13,3,3,1,1,3.0,2.0,1.0,0,1,0
27.0,0,Travel_Rarely,511,Sales,2,2,Medical,1898,3.0,Female,89,4,2,Sales Executive,3.0,Single,6500.0,26997,0,No,14,3,2,0,9,5.0,2.0,5.0,7,0,7
48.0,0,Travel_Frequently,117,Research & Development,22,3,Medical,1900,4.0,Female,58,3,4,Manager,3.0,Divorced,17174.0,2437,3,No,11,3,2,1,24,3.0,3.0,22.0,17,4,7
44.0,0,Travel_Rarely,170,Research & Development,1,4,Life Sciences,1903,2.0,Male,78,4,2,healthcare representative,1.0,Married,250000.0,9364,2,No,15,3,4,1,10,5.0,3.0,5.0,0,2,2
34.0,1,Non-Travel,967,Research & Development,16,4,Technical Degree,1905,4.0,Male,85,1,1,Research Scientist,1.0,Married,2307.0,14460,1,Yes,23,4,2,1,5,2.0,3.0,5.0,2,3,0
56.0,1,Travel_Rarely,1162,Research & Development,24,2,Life Sciences,1907,1.0,Male,97,3,1,Laboratory Technician,4.0,Single,4960.0,10261,1,No,16,3,4,0,5,3.0,3.0,4.0,2,1,0
36.0,0,Travel_Rarely,335,Sales,17,2,Marketing,1908,3.0,Male,33,2,2,Sales Executive,2.0,Married,5507.0,16822,2,No,16,3,3,2,12,1.0,1.0,4.0,2,1,3
41.0,0,Travel_Rarely,337,Sales,8,3,Marketing,1909,3.0,Female,54,3,2,Sales Executive,2.0,Married,4960.0,26841,5,No,21,4,3,1,14,3.0,3.0,5.0,4,1,4
42.0,0,Travel_Rarely,1396,Research & Development,6,3,Medical,1911,3.0,Male,83,3,3,Research Director,1.0,Married,13348.0,14842,9,No,13,3,2,1,18,3.0,4.0,13.0,7,5,7
31.0,0,Travel_Rarely,1079,Sales,10,2,Medical,1912,3.0,Female,86,3,2,Sales Executive,4.0,Divorced,6583.0,20115,2,Yes,11,3,4,1,8,2.0,3.0,5.0,2,1,4
34.0,0,Travel_Rarely,735,Sales,3,1,Medical,1915,4.0,Female,75,2,2,Sales Executive,4.0,Married,8103.0,16495,3,Yes,12,3,3,0,9,3.0,2.0,4.0,2,0,1
31.0,0,Travel_Rarely,471,Research & Development,4,3,Medical,1916,1.0,Female,62,4,1,Laboratory Technician,3.0,Divorced,3978.0,16031,8,No,12,3,2,1,4,0.0,2.0,2.0,2,2,2
26.0,0,Travel_Frequently,1096,Research & Development,6,3,Other,1918,3.0,Male,61,4,1,Laboratory Technician,4.0,Married,2544.0,7102,0,No,18,3,1,1,8,3.0,3.0,7.0,7,7,7
45.0,0,Travel_Frequently,1297,Research & Development,1,4,Medical,1922,2.0,Male,44,3,2,Healthcare Representative,3.0,Single,5399.0,14511,4,No,12,3,3,0,12,3.0,3.0,4.0,2,0,3
33.0,0,Travel_Rarely,217,Sales,10,4,Marketing,1924,2.0,Male,43,3,2,Sales Executive,3.0,Single,5487.0,10410,1,No,14,3,2,0,10,2.0,2.0,10.0,4,0,9
28.0,0,Travel_Frequently,783,Sales,1,2,Life Sciences,1927,3.0,Male,42,2,2,Sales Executive,4.0,Married,999999.0,19255,1,Yes,12,3,3,1,7,3.0,3.0,7.0,7,0,7
29.0,1,Travel_Frequently,746,Sales,24,3,Technical Degree,1928,3.0,Male,45,4,1,Sales Representative,1.0,Single,1091.0,10642,1,No,17,3,4,0,1,3.0,3.0,1.0,0,0,0
39.0,0,Non-Travel,1251,Sales,21,4,Life Sciences,1929,1.0,Female,32,1,2,Sales Executive,3.0,Married,5736.0,3987,6,No,19,3,3,1,10,1.0,3.0,3.0,2,1,2
27.0,0,Travel_Rarely,1354,Research & Development,2,4,Technical Degree,1931,2.0,Male,41,3,1,Research Scientist,2.0,Married,2226.0,6073,1,No,11,3,3,1,6,3.0,2.0,5.0,3,1,2
34.0,0,Travel_Frequently,735,Research & Development,22,4,Other,1932,3.0,Male,86,2,2,Research Scientist,4.0,Married,5747.0,26496,1,Yes,15,3,2,0,16,3.0,3.0,15.0,10,6,11
28.0,1,Travel_Rarely,1475,Sales,13,2,Marketing,1933,4.0,Female,84,3,2,Sales Executive,3.0,Single,9854.0,23352,3,Yes,11,3,4,0,6,0.0,3.0,2.0,0,2,2
47.0,0,Non-Travel,1169,Research & Development,14,4,Technical Degree,1934,3.0,Male,64,3,2,Research Scientist,2.0,Married,5467.0,2125,8,No,18,3,3,1,16,4.0,4.0,8.0,7,1,7
56.0,0,Travel_Rarely,1443,Sales,11,5,Marketing,1935,4.0,Female,89,2,2,Sales Executive,1.0,Married,5380.0,20328,4,No,16,3,3,1,6,3.0,3.0,0.0,0,0,0
39.0,0,Travel_Rarely,867,Research & Development,9,2,Medical,1936,1.0,Male,87,3,2,Manufacturing Director,1.0,Married,5151.0,12315,1,No,25,4,4,1,10,3.0,3.0,10.0,0,7,9
38.0,0,Travel_Frequently,1394,Research & Development,8,3,Medical,1937,4.0,Female,58,2,2,Research Scientist,2.0,Divorced,2133.0,18115,1,Yes,16,3,3,1,20,3.0,3.0,20.0,11,0,7
58.0,0, Travel_Rarely,605,Sales,21,3,Life Sciences,1938,3.0,Female,72,3,4,Manager,4.0,Married,17875.0,11761,4,Yes,13,3,3,1,29,2.0,2.0,1.0,0,0,0
32.0,1,Travel_Frequently,238,Research & Development,5,2,Life Sciences,1939,1.0,Female,47,4,1,Research Scientist,3.0,Single,2432.0,15318,3,Yes,14,3,1,0,8,2.0,3.0,75.0,1,0,3
38.0,0,Travel_Rarely,1206,Research & Development,9,2,Life Sciences,1940,2.0,Male,71,3,1,Research Scientist,4.0,Divorced,4771.0,14293,2,No,19,3,4,2,10,0.0,4.0,5.0,2,0,3
49.0,0,Travel_Frequently,1064,Research & Development,2,1,Life Sciences,1941,2.0,Male,42,3,5,Research Director,4.0,Married,19161.0,13738,3,No,15,3,4,0,28,3.0,3.0,5.0,4,4,3
36.0,0,Travel_Rarely,419,Sales,12,4,Marketing,1943,2.0,Male,77,3,2,Sales Executive,4.0,Divorced,5087.0,2900,3,Yes,12,3,3,2,14,4.0,3.0,0.0,0,0,0
27.0,1,Travel_Frequently,1337,Human Resources,22,3,Human Resources,1944,3.0,Female,58,2,1,Human Resources,2.0,Married,2863.0,19555,1,No,12,3,1,0,1,2.0,3.0,1.0,0,0,0
35.0,0,Travel_Rarely,682,Sales,18,4,Medical,1945,2.0,Male,71,3,2,Sales Executive,1.0,Married,4960.0,15975,0,No,16,3,4,1,6,2.0,3.0,5.0,3,0,4
36.0,0,Non-Travel,1103,Research & Development,16,3,Medical,1947,3.0,Male,49,3,1,Research Scientist,3.0,Single,2144.0,2122,1,No,14,3,3,0,5,3.0,3.0,5.0,3,1,4
31.0,0,Non-Travel,976,Research & Development,3,2,Medical,1948,3.0,Male,48,3,1,Research Scientist,1.0,Divorced,3065.0,3995,1,Yes,13,3,4,1,4,3.0,4.0,5.0,2,2,3
36.0,0,Non-Travel,1351,Research & Development,9,4,Life Sciences,1949,1.0,Male,66,4,1,Laboratory Technician,2.0,Married,2810.0,9238,1,No,22,4,2,0,5,3.0,3.0,5.0,4,0,2
34.0,0,Travel_Rarely,937,Sales,1,3,Marketing,1950,1.0,Male,32,3,3,Sales Executive,4.0,Single,9888.0,6770,1,No,21,4,1,0,14,3.0,2.0,14.0,8,2,1
34.0,0,Travel_Rarely,1239,Sales,13,4,Medical,1951,4.0,Male,39,3,3,Sales Executive,3.0,Divorced,8628.0,22914,1,No,18,3,3,1,9,2.0,2.0,8.0,7,1,1
36.0,0,Travel_Rarely,157,Research & Development,1,3,Medical,1952,3.0,Male,95,3,1,Laboratory Technician,1.0,Single,2867.0,20006,0,No,13,3,4,0,8,6.0,2.0,7.0,7,7,6
36.0,0,Travel_Rarely,136,Research & Development,1,3,Life Sciences,1954,1.0,Male,89,3,2,Healthcare Representative,1.0,Married,5373.0,6225,0,No,12,3,1,1,6,5.0,2.0,5.0,3,0,2
32.0,0,Non-Travel,1146,Research & Development,15,4,Medical,1955,3.0,Female,34,3,2,Healthcare Representative,4.0,Divorced,6667.0,16542,5,No,18,3,2,1,9,6.0,3.0,5.0,1,1,2
31.0,0,Travel_Frequently,1125,Research & Development,1,3,Life Sciences,1956,4.0,Male,48,1,2,Research Scientist,1.0,Married,5003.0,5771,1,No,21,4,2,0,10,6.0,3.0,5.0,8,8,7
28.0,1,Travel_Rarely,1404,Research & Development,17,3,Technical Degree,1960,3.0,Male,32,2,1,Laboratory Technician,4.0,Divorced,2367.0,18779,5,No,12,3,1,1,6,2.0,2.0,4.0,1,0,3
38.0,0,Travel_Rarely,1404,Sales,1,3,Life Sciences,1961,3.0,Male,59,2,1,Sales Representative,1.0,Single,2858.0,11473,4,No,14,3,1,0,20,3.0,2.0,5.0,0,0,0
35.0,0,Travel_Rarely,1224,Sales,7,4,Life Sciences,1962,3.0,Female,55,3,2,Sales Executive,4.0,Married,5204.0,13586,1,Yes,11,3,4,0,10,2.0,3.0,10.0,8,0,9
27.0,0,Travel_Rarely,954,Sales,9,3,Marketing,1965,4.0,Male,44,3,2,Sales Executive,4.0,Single,4105.0,5099,1,No,14,3,1,0,7,5.0,3.0,7.0,7,0,7
32.0,0,Travel_Rarely,1373,Research & Development,5,4,Life Sciences,1966,4.0,Male,56,2,2,Manufacturing Director,4.0,Single,9679.0,10138,8,No,24,4,2,0,8,1.0,3.0,1.0,0,0,0
31.0,1,Travel_Frequently,754,Sales,26,4,Marketing,1967,1.0,Male,63,3,2,Sales Executive,4.0,Married,5617.0,21075,1,Yes,11,3,3,0,10,4.0,3.0,10.0,7,0,8
53.0,1,Travel_Rarely,1168,Sales,24,4,Life Sciences,1968,1.0,Male,66,3,3,Sales Executive,1.0,Single,4960.0,5843,6,Yes,13,3,2,0,15,2.0,3.0,2.0,2,2,2
54.0,0,Travel_Rarely,155,Research & Development,9,2,Life Sciences,1969,1.0,Female,67,3,2,Research Scientist,3.0,Married,2897.0,22474,3,No,11,3,3,2,9,6.0,2.0,4.0,3,2,3
36.0,0,Travel_Frequently,1303,Research & Development,7,2,Life Sciences,1970,4.0,Male,36,3,2,Healthcare Representative,3.0,Divorced,5968.0,18079,1,No,20,4,3,3,9,2.0,3.0,9.0,7,2,8
43.0,0,Travel_Rarely,574,Research & Development,11,3,Life Sciences,1971,1.0,Male,30,3,3,Healthcare Representative,3.0,Married,7510.0,16873,1,No,17,3,2,1,10,3.0,3.0,10.0,9,0,9
38.0,0,Travel_Frequently,1444,Human Resources,1,4,Other,1972,4.0,Male,88,3,1,Human Resources,2.0,Married,2991.0,5224,0,Yes,11,3,2,1,7,2.0,3.0,6.0,2,1,2
55.0,0,Travel_Rarely,189,Human Resources,26,4,Human Resources,1973,3.0,Male,71,4,5,Manager,2.0,Married,19636.0,25811,4,Yes,18,3,1,1,35,0.0,3.0,10.0,9,1,4
31.0,0,Travel_Rarely,1276,Research & Development,2,1,Medical,1974,4.0,Female,59,1,1,Laboratory Technician,4.0,Divorced,1129.0,17536,1,Yes,11,3,3,3,1,4.0,3.0,1.0,0,0,0
39.0,0,Travel_Rarely,119,Sales,15,4,Marketing,1975,2.0,Male,77,3,4,Sales Executive,1.0,Single,13341.0,25098,0,No,12,3,1,0,21,3.0,3.0,20.0,8,11,10
42.0,0,Non-Travel,335,Research & Development,23,2,Life Sciences,1976,4.0,Male,37,2,2,Research Scientist,3.0,Single,4332.0,14811,1,No,12,3,4,0,20,2.0,3.0,20.0,9,3,7
36.0,0,Non-Travel,697,Research & Development,10,3,Medical,1979,3.0,Female,40,3,3,Research Director,3.0,Married,4960.0,26862,4,No,20,4,3,1,13,2.0,3.0,11.0,7,4,8
54.0,0,Travel_Rarely,157,Research & Development,10,3,Medical,1980,3.0,Female,77,3,2,manufacturing director,1.0,Single,4440.0,25198,6,Yes,19,3,4,0,9,3.0,3.0,5.0,2,1,4
24.0,0,Travel_Rarely,771,Research & Development,1,2,Life Sciences,1981,2.0,Male,45,2,2,Healthcare Representative,3.0,Single,4617.0,14120,1,No,12,3,2,0,4,2.0,2.0,4.0,3,1,2
23.0,0,Travel_Rarely,571,research & development,12,2,Other,1982,4.0,Male,78,3,1,LABORATORY TECHNICIAN,4.0,Single,2647.0,13672,1,No,13,3,3,0,5,6.0,4.0,5.0,2,1,4
40.0,0,Travel_Frequently,692,Research & Development,11,3,Technical Degree,1985,3.0,Female,73,3,2,Laboratory Technician,3.0,Married,6323.0,26849,1,No,11,3,1,1,10,2.0,4.0,10.0,9,9,4
40.0,0,Travel_Rarely,444,Sales,2,2,Marketing,1986,3.0,Female,92,3,2,Sales Executive,2.0,Married,5677.0,4258,3,No,14,3,3,1,15,4.0,3.0,11.0,8,5,10
25.0,0,Travel_Rarely,309,Human Resources,2,3,Human Resources,1987,3.0,Female,82,3,1,Human Resources,2.0,Married,2187.0,19655,4,No,14,3,3,0,6,3.0,3.0,2.0,0,1,2
30.0,0,Travel_Rarely,911,Research & Development,1,2,Medical,1989,4.0,Male,76,3,1,Laboratory Technician,2.0,Married,3748.0,4077,1,No,13,3,3,0,12,6.0,2.0,5.0,8,1,7
25.0,0,Travel_Rarely,977,Research & Development,2,1,Other,1992,4.0,Male,57,3,1,Laboratory Technician,3.0,Divorced,3977.0,7298,6,Yes,19,3,3,1,7,2.0,2.0,2.0,2,0,2
47.0,0,Travel_Rarely,1180,Research & Development,25,3,Medical,1993,1.0,Male,84,3,3,Healthcare Representative,3.0,Single,8633.0,13084,2,No,23,4,2,0,25,3.0,3.0,17.0,14,12,11
33.0,0,Non-Travel,1313,Research & Development,1,2,Medical,1994,2.0,Male,59,2,1,Laboratory Technician,3.0,Divorced,2008.0,20439,1,No,12,3,3,3,1,2.0,2.0,1.0,1,0,0
38.0,0,Travel_Rarely,1321,Sales,1,4,Life Sciences,1995,4.0,Male,86,3,2,Sales Executive,2.0,Married,4440.0,7636,0,No,15,3,1,2,16,3.0,3.0,15.0,13,5,8
31.0,0,Travel_Rarely,1154,Sales,2,2,Life Sciences,1996,1.0,Male,54,3,1,Sales Representative,3.0,Married,500000.0,6393,0,No,19,3,3,1,3,1.0,3.0,2.0,2,1,2
36.0,0,Travel_Frequently,508,Research & Development,6,4,Life Sciences,1997,1.0,Male,72,2,2,Manufacturing Director,3.0,Married,5321.0,14284,2,No,11,3,4,1,10,1.0,3.0,8.0,3,7,7
42.0,0,Travel_Rarely,557,Research & Development,18,4,Life Sciences,1998,4.0,Male,35,3,2,Research Scientist,1.0,Divorced,5410.0,11189,6,Yes,17,3,3,1,9,3.0,2.0,4.0,3,1,2
41.0,0,Travel_Rarely,642,Research & Development,1,3,Life Sciences,1999,4.0,Male,76,3,1,Research Scientist,3.0,Married,2782.0,21412,3,No,22,4,1,1,12,3.0,3.0,5.0,3,1,0
47.0,0,Non-Travel,1162,Research & Development,1,1,Medical,2000,3.0,Female,98,3,3,Research Director,2.0,Married,11957.0,17231,0,No,18,3,1,2,14,3.0,1.0,13.0,8,5,12
35.0,0,Travel_Rarely,1490,Research & Development,11,4,Medical,2003,3.0,Male,43,3,1,Laboratory Technician,3.0,Married,2660.0,20232,7,Yes,11,3,3,1,5,3.0,3.0,2.0,2,2,2
22.0,0,Travel_Rarely,581,Research & Development,1,2,Life Sciences,2007,4.0,Male,63,3,1,Research Scientist,3.0,Single,3375.0,17624,0,No,12,3,4,0,4,2.0,4.0,3.0,2,1,2
35.0,0,Travel_Rarely,1395,Research & Development,9,4,Medical,2008,2.0,Male,48,3,2,Research Scientist,3.0,Single,4960.0,18698,1,No,19,3,2,0,10,5.0,3.0,10.0,7,0,8
33.0,0,Travel_Rarely,501,Research & Development,15,2,Medical,2009,2.0,Female,95,3,2,Healthcare Representative,4.0,Married,4878.0,21653,0,Yes,13,3,1,1,10,6.0,3.0,9.0,7,8,1
32.0,0,Travel_Rarely,267,Research & Development,29,4,Life Sciences,2010,3.0,Female,49,2,1,Laboratory Technician,2.0,Single,2837.0,15919,1,No,13,3,3,0,6,3.0,3.0,6.0,2,4,1
36.0,0,Travel_Rarely,543,Research & Development,1,4,Life Sciences,2012,1.0,Male,83,3,1,Laboratory Technician,4.0,Married,2406.0,4060,8,No,19,3,3,2,8,3.0,2.0,1.0,0,0,0
32.0,0,Travel_Rarely,234,Sales,1,4,Medical,2013,2.0,Male,68,2,1,Sales Representative,2.0,Married,2269.0,18024,0,No,14,3,2,1,3,2.0,3.0,5.0,2,2,2
39.0,0,Travel_Rarely,116,Research & Development,24,1,Life Sciences,2014,1.0,Male,52,3,2,Research Scientist,4.0,Single,4960.0,5340,7,No,13,3,1,0,18,2.0,3.0,7.0,7,1,7
38.0,0,Travel_Rarely,201,Research & Development,10,3,Medical,2015,2.0,Female,99,1,3,Research Director,3.0,Married,13206.0,3376,3,No,12,3,1,1,20,3.0,3.0,18.0,16,1,11
32.0,0,Travel_Rarely,801,Sales,1,4,Marketing,2016,3.0,Female,48,3,3,Sales Executive,4.0,Married,10422.0,24032,1,No,19,3,3,2,14,3.0,3.0,14.0,10,5,7
37.0,0,Travel_Rarely,161,Research & Development,10,3,Life Sciences,2017,3.0,Female,42,4,3,Research Director,4.0,Married,13744.0,15471,1,Yes,25,4,1,1,16,2.0,3.0,16.0,11,6,8
36.0,0,Travel_Rarely,1382,Sales,8,2,Other,2018,1.0,Female,85,3,2,Sales Executive,3.0,Divorced,4907.0,13684,0,Yes,22,4,2,1,6,3.0,2.0,5.0,3,0,4
52.0,0,Non-Travel,585,Sales,29,4,Life Sciences,2019,3.0,Male,40,3,1,Sales Representative,4.0,Divorced,3482.0,19788,2,No,15,3,2,2,16,3.0,2.0,9.0,8,0,0
44.0,0,Travel_Rarely,1037,Research & Development,1,3,Medical,2020,2.0,Male,42,3,1,Research Scientist,4.0,Single,2436.0,13422,6,Yes,12,3,3,0,6,2.0,3.0,4.0,3,1,2
21.0,0,Travel_Rarely,501,Sales,5,1,Medical,2021,3.0,Male,58,3,1,Sales Representative,1.0,Single,2380.0,25479,1,Yes,11,3,4,0,2,6.0,3.0,2.0,2,1,2
39.0,0,Non-Travel,105,Research & Development,9,3,Life Sciences,2022,3.0,Male,87,3,5,Manager,4.0,Single,4960.0,15302,2,No,13,3,3,0,21,3.0,3.0,6.0,0,1,3
36.0,1,Travel_Frequently,638,Sales,9,3,Marketing,2023,4.0,Male,33,3,1,Sales Representative,1.0,Married,1790.0,26956,1,No,19,3,1,1,1,3.0,2.0,1.0,0,1,0
36.0,0,Travel_Rarely,557,Sales,3,3,Medical,2024,1.0,Female,94,2,3,Sales Executive,4.0,Married,4960.0,12695,0,No,19,3,3,2,10,2.0,3.0,9.0,7,3,4
36.0,0,Travel_Frequently,688,Research & Development,4,2,Life Sciences,2025,4.0,Female,97,3,2,Manufacturing Director,2.0,Divorced,5131.0,9192,7,No,13,3,2,3,18,3.0,3.0,4.0,2,0,2
56.0,0,Non-Travel,667,Research & Development,1,4,Life Sciences,2026,3.0,Male,57,3,2,Healthcare Representative,3.0,Divorced,6306.0,26236,1,No,21,4,1,1,13,2.0,2.0,13.0,12,1,9
29.0,1,Travel_Rarely,1092,Research & Development,1,4,Medical,2027,1.0,Male,36,3,1,Research Scientist,4.0,Married,4787.0,26124,9,Yes,14,3,2,3,4,3.0,4.0,2.0,2,2,2
42.0,0,Travel_Rarely,300,Research & Development,2,3,Life Sciences,2031,1.0,Male,56,3,5,Manager,3.0,Married,18880.0,17312,5,No,11,3,1,0,24,3.0,3.0,22.0,6,4,14
36.0,1,Travel_Rarely,310,Research & Development,7,2,Technical Degree,2032,4.0,Male,72,3,1,Laboratory Technician,3.0,Married,2339.0,3666,8,No,11,3,4,1,14,4.0,1.0,10.0,9,9,8
41.0,0,Travel_Rarely,582,Research & Development,28,4,Life Sciences,2034,1.0,Female,60,2,4,Manufacturing Director,2.0,Married,13570.0,5640,0,No,23,4,3,1,21,3.0,3.0,20.0,7,0,10
34.0,0,Travel_Rarely,704,Sales,28,3,Marketing,2035,3.0,Female,95,2,2,Sales Executive,3.0,Married,6712.0,8978,1,No,21,4,4,2,8,2.0,3.0,8.0,7,1,7
36.0,0,Non-Travel,301,Sales,15,4,Marketing,2036,3.0,Male,88,1,2,Sales Executive,4.0,Divorced,5406.0,10436,1,No,24,4,1,1,15,4.0,2.0,15.0,12,11,11
41.0,0,Travel_Rarely,930,SALES,3,3,Life Sciences,2037,3.0,Male,57,2,2,Sales Executive,2.0,Divorced,8938.0,12227,2,No,11,3,3,1,14,5.0,3.0,5.0,4,0,4
32.0,0,Travel_Rarely,529,Research & Development,2,3,Technical Degree,2038,4.0,Male,78,3,1,Research Scientist,1.0,Single,2439.0,11288,1,No,14,3,4,0,4,4.0,3.0,4.0,2,1,2
35.0,0,Travel_Rarely,1146,Human Resources,26,4,Life Sciences,2040,3.0,Female,31,3,3,Human Resources,4.0,Single,8837.0,16642,1,Yes,16,3,3,0,9,2.0,3.0,9.0,0,1,7
36.0,0,Travel_Rarely,345,Sales,10,2,Life Sciences,2041,1.0,Female,100,3,2,Sales Executive,4.0,Married,5343.0,5982,1,No,11,3,3,1,10,1.0,3.0,10.0,7,1,9
50.0,1,Travel_Frequently,878,Sales,1,4,Life Sciences,2044,2.0,Male,94,3,2,Sales Executive,3.0,Divorced,6728.0,14255,7,No,12,3,4,2,12,3.0,3.0,5.0,3,0,1
36.0,0,Travel_Rarely,1120,Sales,11,4,Marketing,2045,2.0,Female,100,2,2,Sales Executive,4.0,Married,6652.0,14369,4,No,13,3,1,1,8,2.0,2.0,6.0,3,0,0
45.0,0,Travel_Rarely,374,Sales,20,3,Life Sciences,2046,4.0,Female,50,3,2,Sales Executive,3.0,Single,4850.0,23333,8,No,15,3,3,0,8,3.0,3.0,5.0,3,0,1
40.0,0,Travel_Rarely,1322,Research & Development,2,4,Life Sciences,2048,3.0,Male,52,2,1,Research Scientist,3.0,Single,4960.0,2725,2,No,14,3,4,0,8,2.0,3.0,2.0,2,2,2
35.0,0,Travel_Frequently,1199,Research & Development,18,4,Life Sciences,2049,3.0,Male,80,3,2,Healthcare Representative,3.0,Married,4960.0,24594,1,Yes,14,3,4,2,10,2.0,4.0,10.0,2,0,2
36.0,0,Travel_Rarely,1194,Research & Development,2,4,Medical,2051,3.0,Female,98,3,1,Research Scientist,3.0,Married,2001.0,12549,2,No,14,3,2,3,20,2.0,3.0,5.0,3,0,2
35.0,0,Travel_Rarely,287,Research & Development,1,4,Life Sciences,2052,3.0,Female,62,1,1,Research Scientist,4.0,Married,2977.0,8952,1,No,12,3,4,1,4,5.0,3.0,4.0,3,1,1
29.0,0,Travel_Rarely,1378,Research & Development,13,2,Other,2053,4.0,Male,46,2,2,Laboratory Technician,2.0,Married,4025.0,23679,4,Yes,13,3,1,1,10,2.0,3.0,4.0,3,0,3
29.0,0,Travel_Rarely,468,Research & Development,28,4,Medical,2054,4.0,Female,73,2,1,Research Scientist,3.0,Single,3785.0,8489,1,No,14,3,2,0,5,3.0,1.0,5.0,4,0,4
36.0,1,Travel_Rarely,410,Sales,28,3,Marketing,2055,3.0,Male,39,2,3,Sales Executive,1.0,Divorced,10854.0,16586,4,Yes,13,3,2,1,20,3.0,3.0,3.0,2,2,0
39.0,0,Travel_Rarely,722,Sales,24,1,Marketing,2056,2.0,Female,60,2,4,Sales Executive,4.0,Married,12031.0,8828,0,No,11,3,1,1,21,3.0,2.0,20.0,9,9,6
31.0,0,Non-Travel,325,Research & Development,-20,3,Medical,2057,2.0,Male,74,3,2,Manufacturing Director,1.0,Single,9936.0,3787,0,No,19,3,2,0,10,2.0,3.0,9.0,4,1,7
26.0,0,Travel_Rarely,1167,Sales,5,3,Other,2060,4.0,Female,30,2,1,Sales Representative,3.0,Single,2966.0,21378,0,No,18,3,4,0,5,2.0,3.0,4.0,2,0,0
120.0,0, Travel_Frequently,884,Research & Development,23,2,Medical,2061,3.0,Male,41,4,2,Laboratory Technician,4.0,Married,2571.0,12290,4,No,17,3,3,1,17,3.0,3.0,5.0,2,0,3
39.0,0,Travel_Rarely,613,Research & Development,6,1,Medical,2062,4.0,Male,42,2,3,Healthcare Representative,1.0,Married,9991.0,21457,4,No,15,3,1,1,9,5.0,3.0,7.0,7,1,7
99.0,0,Travel_Rarely,155,Research & Development,4,3,Life Sciences,2064,2.0,Male,87,4,2,Manufacturing Director,2.0,Married,6142.0,5174,1,Yes,20,4,2,1,6,0.0,3.0,6.0,2,0,3
49.0,0,Travel_Frequently,1023,Sales,2,3,Medical,2065,4.0,Male,63,2,2,Sales Executive,2.0,Married,5390.0,13243,2,No,14,3,4,0,17,3.0,2.0,9.0,6,0,8
34.0,0,Travel_Rarely,628,Research & Development,8,3,Medical,2068,3.0,Male,82,4,2,Laboratory Technician,3.0,Married,4404.0,10228,2,No,12,3,1,0,6,3.0,4.0,4.0,3,1,2
29.0,0,Travel_Rarely,665,Research & Development,15,3,Life Sciences,346,3.0,Male,60,3,1,Research Scientist,4.0,Single,4960.0,22673,1,No,19,3,1,0,6,1.0,3.0,5.0,5,1,5
43.0,0,Travel_Rarely,1273,Research & Development,2,2,Medical,46,4.0,Female,72,4,1,Research Scientist,3.0,Divorced,4960.0,21923,1,No,12,3,4,2,6,3.0,2.0,5.0,3,1,4
44.0,0,Travel_Rarely,1459,Research & Development,10,4,Other,40,4.0,Male,41,3,2,Healthcare Representative,3.0,Other,4960.0,19121,2,Yes,13,3,4,0,9,5.0,4.0,4.0,2,1,3
24.0,0,Travel_Rarely,1476,Sales,4,1,Medical,1445,3.0,Female,42,3,2,Sales Executive,3.0,Married,4960.0,15211,1,Yes,12,3,3,2,5,3.0,3.0,55.0,4,0,3
33.0,0,Travel_Rarely,1069,Research & Development,1,3,Life Sciences,969,2.0,Female,42,2,2,Healthcare Representative,4.0,Single,4960.0,12291,0,No,14,3,1,0,6,3.0,3.0,5.0,0,1,4
23.0,0,Travel_Rarely,507,Research & Development,20,1,Life Sciences,1533,1.0,Male,97,3,2,Laboratory Technician,3.0,Other,4960.0,24812,0,No,14,3,2,0,5,2.0,3.0,4.0,3,1,2
53.0,0,Travel_Rarely,1219,Sales,2,4,Life Sciences,23,3.0,Female,78,2,4,Manager,4.0,Married,4960.0,22021,2,No,16,3,3,0,31,3.0,3.0,25.0,8,3,7
36.0,0, Non-Travel,247,Research & Development,7,1,Life Sciences,1035,3.0,Female,55,1,5,Research Director,3.0,Divorced,4960.0,20284,1,No,22,4,2,2,21,3.0,3.0,21.0,16,5,10
50.0,0,Travel_Frequently,809,Sales,12,3,Marketing,174,3.0,Female,77,3,3,Sales Executive,4.0,Single,4960.0,6645,4,No,11,3,4,0,16,3.0,3.0,5.0,2,2,1
50.0,1,Travel_Rarely,869,Sales,3,2,Marketing,47,1.0,Male,86,2,1,Sales Representative,3.0,Married,4960.0,3810,1,Yes,14,3,3,0,3,2.0,3.0,3.0,2,0,2
27.0,0,Travel_Frequently,1297,Research & Development,5,2,Life Sciences,1850,4.0,Female,53,3,1,Laboratory Technician,3.0,Single,4960.0,19826,0,Yes,14,3,3,0,6,3.0,2.0,5.0,4,0,2
46.0,0,Travel_Rarely,1003,research & development,8,4,Life Sciences,1080,4.0,Female,74,2,2,Research Scientist,1.0,Divorced,4960.0,21029,8,Yes,23,4,1,3,19,2.0,3.0,16.0,13,1,7
99.0,0,Travel_Frequently,1199,Research & Development,7,4,Life Sciences,341,1.0,Male,77,4,2,Manufacturing Director,3.0,Married,4960.0,5118,4,No,17,3,4,1,9,1.0,3.0,3.0,2,0,2
29.0,0, Travel_Rarely,332,Human Resources,17,3,Other,1419,2.0,Male,51,2,3,Human Resources,1.0,Single,4960.0,9769,1,No,13,3,1,0,10,3.0,2.0,10.0,9,0,9
30.0,0,Travel_Frequently,1012,Research & Development,5,4,Life Sciences,861,2.0,Male,75,2,1,Research Scientist,4.0,Divorced,4960.0,2373,9,No,12,3,2,1,10,3.0,3.0,5.0,4,0,3
45.0,0,Non-Travel,1052,Sales,6,3,Medical,302,4.0,Female,57,2,3,SALES EXECUTIVE,3.0,Single,4960.0,16840,6,No,12,3,4,0,23,2.0,3.0,19.0,7,12,8
54.0,0,Travel_Rarely,431,research & development,7,4,Medical,1830,4.0,Female,68,3,2,Research Scientist,4.0,Married,4960.0,15696,4,No,15,3,2,1,14,2.0,3.0,7.0,1,1,7
32.0,0,Travel_Rarely,120,Research & Development,6,5,Life Sciences,231,3.0,Male,43,3,1,Research Scientist,3.0,Single,4960.0,12430,3,No,20,4,1,0,8,2.0,3.0,5.0,4,1,4
37.0,0,Non-Travel,1040,Research & Development,2,2,Life Sciences,139,3.0,Male,100,2,2,Healthcare Representative,4.0,Divorced,4960.0,15850,5,No,14,3,4,1,17,2.0,4.0,1.0,0,0,0
35.0,0,Travel_Frequently,1182,Sales,11,2,Marketing,1137,4.0,Male,54,3,2,Sales Executive,4.0,Divorced,4960.0,18500,1,No,11,3,4,1,5,3.0,3.0,5.0,2,0,2
34.0,0,Travel_Rarely,1346,Research & Development,19,2,Medical,18,2.0,Male,93,3,1,Laboratory Technician,3.0,Divorced,750000.0,8758,0,No,11,3,3,1,3,2.0,3.0,2.0,2,1,2
36.0,0,Travel_Rarely,1492,Research & Development,20,4,Technical Degree,1092,1.0,Male,61,3,3,Healthcare Representative,4.0,Married,4960.0,26542,4,No,20,4,4,1,14,6.0,3.0,11.0,10,11,1
46.0,0,Travel_Rarely,1009,Research & Development,2,3,Life Sciences,575,3.0,Male,51,3,4,Research Director,3.0,Married,4960.0,2288,6,No,13,3,3,0,26,2.0,1.0,100.0,2,0,1
19.0,0,Travel_Rarely,645,Research & Development,9,2,Life Sciences,1193,3.0,Male,54,3,1,Research Scientist,1.0,Single,4960.0,7172,1,No,25,4,3,0,1,4.0,3.0,1.0,1,0,0
